,algorithm,similarity_measure,execution_time,n_clusters,labels,Silhouette Score,Davies-Bouldin Index,Mean Inter-Cluster Distance,Modularity,Conductance,Normalized Cut,Rand Index,Adjusted Rand Index,Normalized Mutual Information
0,kmeans,Path Distance,0,2,[],0,0,0,0,0,0,0,0,0
1,fuzzy_c_means,Path Distance,0,2,[],0,0,0,0,0,0,0,0,0
2,dbscan,Path Distance,0,2,[],0,0,0,0,0,0,0,0,0
3,hierarchical,Path Distance,0,2,[],0,0,0,0,0,0,0,0,0
4,spectral,Path Distance,0,2,[],0,0,0,0,0,0,0,0,0
5,gmm,Path Distance,0,2,[],0,0,0,0,0,0,0,0,0
6,som,Path Distance,0,2,[],0,0,0,0,0,0,0,0,0
7,kmeans,Path Distance,0,3,[],0,0,0,0,0,0,0,0,0
8,fuzzy_c_means,Path Distance,0,3,[],0,0,0,0,0,0,0,0,0
9,dbscan,Path Distance,0,3,[],0,0,0,0,0,0,0,0,0
10,hierarchical,Path Distance,0,3,[],0,0,0,0,0,0,0,0,0
11,spectral,Path Distance,0,3,[],0,0,0,0,0,0,0,0,0
12,gmm,Path Distance,0,3,[],0,0,0,0,0,0,0,0,0
13,som,Path Distance,0,3,[],0,0,0,0,0,0,0,0,0
14,kmeans,Path Distance,0,4,[],0,0,0,0,0,0,0,0,0
15,fuzzy_c_means,Path Distance,0,4,[],0,0,0,0,0,0,0,0,0
16,dbscan,Path Distance,0,4,[],0,0,0,0,0,0,0,0,0
17,hierarchical,Path Distance,0,4,[],0,0,0,0,0,0,0,0,0
18,spectral,Path Distance,0,4,[],0,0,0,0,0,0,0,0,0
19,gmm,Path Distance,0,4,[],0,0,0,0,0,0,0,0,0
20,som,Path Distance,0,4,[],0,0,0,0,0,0,0,0,0
21,kmeans,Path Distance,0,5,[],0,0,0,0,0,0,0,0,0
22,fuzzy_c_means,Path Distance,0,5,[],0,0,0,0,0,0,0,0,0
23,dbscan,Path Distance,0,5,[],0,0,0,0,0,0,0,0,0
24,hierarchical,Path Distance,0,5,[],0,0,0,0,0,0,0,0,0
25,spectral,Path Distance,0,5,[],0,0,0,0,0,0,0,0,0
26,gmm,Path Distance,0,5,[],0,0,0,0,0,0,0,0,0
27,som,Path Distance,0,5,[],0,0,0,0,0,0,0,0,0
28,kmeans,Path Distance,0,6,[],0,0,0,0,0,0,0,0,0
29,fuzzy_c_means,Path Distance,0,6,[],0,0,0,0,0,0,0,0,0
30,dbscan,Path Distance,0,6,[],0,0,0,0,0,0,0,0,0
31,hierarchical,Path Distance,0,6,[],0,0,0,0,0,0,0,0,0
32,spectral,Path Distance,0,6,[],0,0,0,0,0,0,0,0,0
33,gmm,Path Distance,0,6,[],0,0,0,0,0,0,0,0,0
34,som,Path Distance,0,6,[],0,0,0,0,0,0,0,0,0
35,kmeans,Path Distance,0,7,[],0,0,0,0,0,0,0,0,0
36,fuzzy_c_means,Path Distance,0,7,[],0,0,0,0,0,0,0,0,0
37,dbscan,Path Distance,0,7,[],0,0,0,0,0,0,0,0,0
38,hierarchical,Path Distance,0,7,[],0,0,0,0,0,0,0,0,0
39,spectral,Path Distance,0,7,[],0,0,0,0,0,0,0,0,0
40,gmm,Path Distance,0,7,[],0,0,0,0,0,0,0,0,0
41,som,Path Distance,0,7,[],0,0,0,0,0,0,0,0,0
42,kmeans,Path Distance,0,8,[],0,0,0,0,0,0,0,0,0
43,fuzzy_c_means,Path Distance,0,8,[],0,0,0,0,0,0,0,0,0
44,dbscan,Path Distance,0,8,[],0,0,0,0,0,0,0,0,0
45,hierarchical,Path Distance,0,8,[],0,0,0,0,0,0,0,0,0
46,spectral,Path Distance,0,8,[],0,0,0,0,0,0,0,0,0
47,gmm,Path Distance,0,8,[],0,0,0,0,0,0,0,0,0
48,som,Path Distance,0,8,[],0,0,0,0,0,0,0,0,0
49,kmeans,Path Distance,0,9,[],0,0,0,0,0,0,0,0,0
50,fuzzy_c_means,Path Distance,0,9,[],0,0,0,0,0,0,0,0,0
51,dbscan,Path Distance,0,9,[],0,0,0,0,0,0,0,0,0
52,hierarchical,Path Distance,0,9,[],0,0,0,0,0,0,0,0,0
53,spectral,Path Distance,0,9,[],0,0,0,0,0,0,0,0,0
54,gmm,Path Distance,0,9,[],0,0,0,0,0,0,0,0,0
55,som,Path Distance,0,9,[],0,0,0,0,0,0,0,0,0
56,kmeans,Path Distance,0,10,[],0,0,0,0,0,0,0,0,0
57,fuzzy_c_means,Path Distance,0,10,[],0,0,0,0,0,0,0,0,0
58,dbscan,Path Distance,0,10,[],0,0,0,0,0,0,0,0,0
59,hierarchical,Path Distance,0,10,[],0,0,0,0,0,0,0,0,0
60,spectral,Path Distance,0,10,[],0,0,0,0,0,0,0,0,0
61,gmm,Path Distance,0,10,[],0,0,0,0,0,0,0,0,0
62,som,Path Distance,0,10,[],0,0,0,0,0,0,0,0,0
63,kmeans,Path Distance,0,11,[],0,0,0,0,0,0,0,0,0
64,fuzzy_c_means,Path Distance,0,11,[],0,0,0,0,0,0,0,0,0
65,dbscan,Path Distance,0,11,[],0,0,0,0,0,0,0,0,0
66,hierarchical,Path Distance,0,11,[],0,0,0,0,0,0,0,0,0
67,spectral,Path Distance,0,11,[],0,0,0,0,0,0,0,0,0
68,gmm,Path Distance,0,11,[],0,0,0,0,0,0,0,0,0
69,som,Path Distance,0,11,[],0,0,0,0,0,0,0,0,0
70,kmeans,Path Distance,0,12,[],0,0,0,0,0,0,0,0,0
71,fuzzy_c_means,Path Distance,0,12,[],0,0,0,0,0,0,0,0,0
72,dbscan,Path Distance,0,12,[],0,0,0,0,0,0,0,0,0
73,hierarchical,Path Distance,0,12,[],0,0,0,0,0,0,0,0,0
74,spectral,Path Distance,0,12,[],0,0,0,0,0,0,0,0,0
75,gmm,Path Distance,0,12,[],0,0,0,0,0,0,0,0,0
76,som,Path Distance,0,12,[],0,0,0,0,0,0,0,0,0
77,kmeans,Path Distance,0,13,[],0,0,0,0,0,0,0,0,0
78,fuzzy_c_means,Path Distance,0,13,[],0,0,0,0,0,0,0,0,0
79,dbscan,Path Distance,0,13,[],0,0,0,0,0,0,0,0,0
80,hierarchical,Path Distance,0,13,[],0,0,0,0,0,0,0,0,0
81,spectral,Path Distance,0,13,[],0,0,0,0,0,0,0,0,0
82,gmm,Path Distance,0,13,[],0,0,0,0,0,0,0,0,0
83,som,Path Distance,0,13,[],0,0,0,0,0,0,0,0,0
84,kmeans,Path Distance,0,14,[],0,0,0,0,0,0,0,0,0
85,fuzzy_c_means,Path Distance,0,14,[],0,0,0,0,0,0,0,0,0
86,dbscan,Path Distance,0,14,[],0,0,0,0,0,0,0,0,0
87,hierarchical,Path Distance,0,14,[],0,0,0,0,0,0,0,0,0
88,spectral,Path Distance,0,14,[],0,0,0,0,0,0,0,0,0
89,gmm,Path Distance,0,14,[],0,0,0,0,0,0,0,0,0
90,som,Path Distance,0,14,[],0,0,0,0,0,0,0,0,0
91,kmeans,Path Distance,0,15,[],0,0,0,0,0,0,0,0,0
92,fuzzy_c_means,Path Distance,0,15,[],0,0,0,0,0,0,0,0,0
93,dbscan,Path Distance,0,15,[],0,0,0,0,0,0,0,0,0
94,hierarchical,Path Distance,0,15,[],0,0,0,0,0,0,0,0,0
95,spectral,Path Distance,0,15,[],0,0,0,0,0,0,0,0,0
96,gmm,Path Distance,0,15,[],0,0,0,0,0,0,0,0,0
97,som,Path Distance,0,15,[],0,0,0,0,0,0,0,0,0
98,kmeans,Path Distance,0,16,[],0,0,0,0,0,0,0,0,0
99,fuzzy_c_means,Path Distance,0,16,[],0,0,0,0,0,0,0,0,0
100,dbscan,Path Distance,0,16,[],0,0,0,0,0,0,0,0,0
101,hierarchical,Path Distance,0,16,[],0,0,0,0,0,0,0,0,0
102,spectral,Path Distance,0,16,[],0,0,0,0,0,0,0,0,0
103,gmm,Path Distance,0,16,[],0,0,0,0,0,0,0,0,0
104,som,Path Distance,0,16,[],0,0,0,0,0,0,0,0,0
105,kmeans,Path Distance,0,17,[],0,0,0,0,0,0,0,0,0
106,fuzzy_c_means,Path Distance,0,17,[],0,0,0,0,0,0,0,0,0
107,dbscan,Path Distance,0,17,[],0,0,0,0,0,0,0,0,0
108,hierarchical,Path Distance,0,17,[],0,0,0,0,0,0,0,0,0
109,spectral,Path Distance,0,17,[],0,0,0,0,0,0,0,0,0
110,gmm,Path Distance,0,17,[],0,0,0,0,0,0,0,0,0
111,som,Path Distance,0,17,[],0,0,0,0,0,0,0,0,0
112,kmeans,Path Distance,0,18,[],0,0,0,0,0,0,0,0,0
113,fuzzy_c_means,Path Distance,0,18,[],0,0,0,0,0,0,0,0,0
114,dbscan,Path Distance,0,18,[],0,0,0,0,0,0,0,0,0
115,hierarchical,Path Distance,0,18,[],0,0,0,0,0,0,0,0,0
116,spectral,Path Distance,0,18,[],0,0,0,0,0,0,0,0,0
117,gmm,Path Distance,0,18,[],0,0,0,0,0,0,0,0,0
118,som,Path Distance,0,18,[],0,0,0,0,0,0,0,0,0
119,kmeans,Path Distance,0,19,[],0,0,0,0,0,0,0,0,0
120,fuzzy_c_means,Path Distance,0,19,[],0,0,0,0,0,0,0,0,0
121,dbscan,Path Distance,0,19,[],0,0,0,0,0,0,0,0,0
122,hierarchical,Path Distance,0,19,[],0,0,0,0,0,0,0,0,0
123,spectral,Path Distance,0,19,[],0,0,0,0,0,0,0,0,0
124,gmm,Path Distance,0,19,[],0,0,0,0,0,0,0,0,0
125,som,Path Distance,0,19,[],0,0,0,0,0,0,0,0,0
126,kmeans,Path Distance,0,20,[],0,0,0,0,0,0,0,0,0
127,fuzzy_c_means,Path Distance,0,20,[],0,0,0,0,0,0,0,0,0
128,dbscan,Path Distance,0,20,[],0,0,0,0,0,0,0,0,0
129,hierarchical,Path Distance,0,20,[],0,0,0,0,0,0,0,0,0
130,spectral,Path Distance,0,20,[],0,0,0,0,0,0,0,0,0
131,gmm,Path Distance,0,20,[],0,0,0,0,0,0,0,0,0
132,som,Path Distance,0,20,[],0,0,0,0,0,0,0,0,0
133,kmeans,Path Distance,0,21,[],0,0,0,0,0,0,0,0,0
134,fuzzy_c_means,Path Distance,0,21,[],0,0,0,0,0,0,0,0,0
135,dbscan,Path Distance,0,21,[],0,0,0,0,0,0,0,0,0
136,hierarchical,Path Distance,0,21,[],0,0,0,0,0,0,0,0,0
137,spectral,Path Distance,0,21,[],0,0,0,0,0,0,0,0,0
138,gmm,Path Distance,0,21,[],0,0,0,0,0,0,0,0,0
139,som,Path Distance,0,21,[],0,0,0,0,0,0,0,0,0
140,kmeans,Path Distance,0,22,[],0,0,0,0,0,0,0,0,0
141,fuzzy_c_means,Path Distance,0,22,[],0,0,0,0,0,0,0,0,0
142,dbscan,Path Distance,0,22,[],0,0,0,0,0,0,0,0,0
143,hierarchical,Path Distance,0,22,[],0,0,0,0,0,0,0,0,0
144,spectral,Path Distance,0,22,[],0,0,0,0,0,0,0,0,0
145,gmm,Path Distance,0,22,[],0,0,0,0,0,0,0,0,0
146,som,Path Distance,0,22,[],0,0,0,0,0,0,0,0,0
147,kmeans,Path Distance,0,23,[],0,0,0,0,0,0,0,0,0
148,fuzzy_c_means,Path Distance,0,23,[],0,0,0,0,0,0,0,0,0
149,dbscan,Path Distance,0,23,[],0,0,0,0,0,0,0,0,0
150,hierarchical,Path Distance,0,23,[],0,0,0,0,0,0,0,0,0
151,spectral,Path Distance,0,23,[],0,0,0,0,0,0,0,0,0
152,gmm,Path Distance,0,23,[],0,0,0,0,0,0,0,0,0
153,som,Path Distance,0,23,[],0,0,0,0,0,0,0,0,0
154,kmeans,Path Distance,0,24,[],0,0,0,0,0,0,0,0,0
155,fuzzy_c_means,Path Distance,0,24,[],0,0,0,0,0,0,0,0,0
156,dbscan,Path Distance,0,24,[],0,0,0,0,0,0,0,0,0
157,hierarchical,Path Distance,0,24,[],0,0,0,0,0,0,0,0,0
158,spectral,Path Distance,0,24,[],0,0,0,0,0,0,0,0,0
159,gmm,Path Distance,0,24,[],0,0,0,0,0,0,0,0,0
160,som,Path Distance,0,24,[],0,0,0,0,0,0,0,0,0
161,kmeans,Path Distance,0,25,[],0,0,0,0,0,0,0,0,0
162,fuzzy_c_means,Path Distance,0,25,[],0,0,0,0,0,0,0,0,0
163,dbscan,Path Distance,0,25,[],0,0,0,0,0,0,0,0,0
164,hierarchical,Path Distance,0,25,[],0,0,0,0,0,0,0,0,0
165,spectral,Path Distance,0,25,[],0,0,0,0,0,0,0,0,0
166,gmm,Path Distance,0,25,[],0,0,0,0,0,0,0,0,0
167,som,Path Distance,0,25,[],0,0,0,0,0,0,0,0,0
168,kmeans,Path Distance,0,26,[],0,0,0,0,0,0,0,0,0
169,fuzzy_c_means,Path Distance,0,26,[],0,0,0,0,0,0,0,0,0
170,dbscan,Path Distance,0,26,[],0,0,0,0,0,0,0,0,0
171,hierarchical,Path Distance,0,26,[],0,0,0,0,0,0,0,0,0
172,spectral,Path Distance,0,26,[],0,0,0,0,0,0,0,0,0
173,gmm,Path Distance,0,26,[],0,0,0,0,0,0,0,0,0
174,som,Path Distance,0,26,[],0,0,0,0,0,0,0,0,0
175,kmeans,Path Distance,0,27,[],0,0,0,0,0,0,0,0,0
176,fuzzy_c_means,Path Distance,0,27,[],0,0,0,0,0,0,0,0,0
177,dbscan,Path Distance,0,27,[],0,0,0,0,0,0,0,0,0
178,hierarchical,Path Distance,0,27,[],0,0,0,0,0,0,0,0,0
179,spectral,Path Distance,0,27,[],0,0,0,0,0,0,0,0,0
180,gmm,Path Distance,0,27,[],0,0,0,0,0,0,0,0,0
181,som,Path Distance,0,27,[],0,0,0,0,0,0,0,0,0
182,kmeans,Path Distance,0,28,[],0,0,0,0,0,0,0,0,0
183,fuzzy_c_means,Path Distance,0,28,[],0,0,0,0,0,0,0,0,0
184,dbscan,Path Distance,0,28,[],0,0,0,0,0,0,0,0,0
185,hierarchical,Path Distance,0,28,[],0,0,0,0,0,0,0,0,0
186,spectral,Path Distance,0,28,[],0,0,0,0,0,0,0,0,0
187,gmm,Path Distance,0,28,[],0,0,0,0,0,0,0,0,0
188,som,Path Distance,0,28,[],0,0,0,0,0,0,0,0,0
189,kmeans,Path Distance,0,29,[],0,0,0,0,0,0,0,0,0
190,fuzzy_c_means,Path Distance,0,29,[],0,0,0,0,0,0,0,0,0
191,dbscan,Path Distance,0,29,[],0,0,0,0,0,0,0,0,0
192,hierarchical,Path Distance,0,29,[],0,0,0,0,0,0,0,0,0
193,spectral,Path Distance,0,29,[],0,0,0,0,0,0,0,0,0
194,gmm,Path Distance,0,29,[],0,0,0,0,0,0,0,0,0
195,som,Path Distance,0,29,[],0,0,0,0,0,0,0,0,0
196,kmeans,Path Distance,0,30,[],0,0,0,0,0,0,0,0,0
197,fuzzy_c_means,Path Distance,0,30,[],0,0,0,0,0,0,0,0,0
198,dbscan,Path Distance,0,30,[],0,0,0,0,0,0,0,0,0
199,hierarchical,Path Distance,0,30,[],0,0,0,0,0,0,0,0,0
200,spectral,Path Distance,0,30,[],0,0,0,0,0,0,0,0,0
201,gmm,Path Distance,0,30,[],0,0,0,0,0,0,0,0,0
202,som,Path Distance,0,30,[],0,0,0,0,0,0,0,0,0
203,kmeans,Path Distance,0,31,[],0,0,0,0,0,0,0,0,0
204,fuzzy_c_means,Path Distance,0,31,[],0,0,0,0,0,0,0,0,0
205,dbscan,Path Distance,0,31,[],0,0,0,0,0,0,0,0,0
206,hierarchical,Path Distance,0,31,[],0,0,0,0,0,0,0,0,0
207,spectral,Path Distance,0,31,[],0,0,0,0,0,0,0,0,0
208,gmm,Path Distance,0,31,[],0,0,0,0,0,0,0,0,0
209,som,Path Distance,0,31,[],0,0,0,0,0,0,0,0,0
210,kmeans,Path Distance,0,32,[],0,0,0,0,0,0,0,0,0
211,fuzzy_c_means,Path Distance,0,32,[],0,0,0,0,0,0,0,0,0
212,dbscan,Path Distance,0,32,[],0,0,0,0,0,0,0,0,0
213,hierarchical,Path Distance,0,32,[],0,0,0,0,0,0,0,0,0
214,spectral,Path Distance,0,32,[],0,0,0,0,0,0,0,0,0
215,gmm,Path Distance,0,32,[],0,0,0,0,0,0,0,0,0
216,som,Path Distance,0,32,[],0,0,0,0,0,0,0,0,0
217,kmeans,Path Distance,0,33,[],0,0,0,0,0,0,0,0,0
218,fuzzy_c_means,Path Distance,0,33,[],0,0,0,0,0,0,0,0,0
219,dbscan,Path Distance,0,33,[],0,0,0,0,0,0,0,0,0
220,hierarchical,Path Distance,0,33,[],0,0,0,0,0,0,0,0,0
221,spectral,Path Distance,0,33,[],0,0,0,0,0,0,0,0,0
222,gmm,Path Distance,0,33,[],0,0,0,0,0,0,0,0,0
223,som,Path Distance,0,33,[],0,0,0,0,0,0,0,0,0
224,kmeans,Path Distance,0,34,[],0,0,0,0,0,0,0,0,0
225,fuzzy_c_means,Path Distance,0,34,[],0,0,0,0,0,0,0,0,0
226,dbscan,Path Distance,0,34,[],0,0,0,0,0,0,0,0,0
227,hierarchical,Path Distance,0,34,[],0,0,0,0,0,0,0,0,0
228,spectral,Path Distance,0,34,[],0,0,0,0,0,0,0,0,0
229,gmm,Path Distance,0,34,[],0,0,0,0,0,0,0,0,0
230,som,Path Distance,0,34,[],0,0,0,0,0,0,0,0,0
231,kmeans,Path Distance,0,35,[],0,0,0,0,0,0,0,0,0
232,fuzzy_c_means,Path Distance,0,35,[],0,0,0,0,0,0,0,0,0
233,dbscan,Path Distance,0,35,[],0,0,0,0,0,0,0,0,0
234,hierarchical,Path Distance,0,35,[],0,0,0,0,0,0,0,0,0
235,spectral,Path Distance,0,35,[],0,0,0,0,0,0,0,0,0
236,gmm,Path Distance,0,35,[],0,0,0,0,0,0,0,0,0
237,som,Path Distance,0,35,[],0,0,0,0,0,0,0,0,0
238,kmeans,Path Distance,0,36,[],0,0,0,0,0,0,0,0,0
239,fuzzy_c_means,Path Distance,0,36,[],0,0,0,0,0,0,0,0,0
240,dbscan,Path Distance,0,36,[],0,0,0,0,0,0,0,0,0
241,hierarchical,Path Distance,0,36,[],0,0,0,0,0,0,0,0,0
242,spectral,Path Distance,0,36,[],0,0,0,0,0,0,0,0,0
243,gmm,Path Distance,0,36,[],0,0,0,0,0,0,0,0,0
244,som,Path Distance,0,36,[],0,0,0,0,0,0,0,0,0
245,kmeans,Path Distance,0,37,[],0,0,0,0,0,0,0,0,0
246,fuzzy_c_means,Path Distance,0,37,[],0,0,0,0,0,0,0,0,0
247,dbscan,Path Distance,0,37,[],0,0,0,0,0,0,0,0,0
248,hierarchical,Path Distance,0,37,[],0,0,0,0,0,0,0,0,0
249,spectral,Path Distance,0,37,[],0,0,0,0,0,0,0,0,0
250,gmm,Path Distance,0,37,[],0,0,0,0,0,0,0,0,0
251,som,Path Distance,0,37,[],0,0,0,0,0,0,0,0,0
252,kmeans,Path Distance,0,38,[],0,0,0,0,0,0,0,0,0
253,fuzzy_c_means,Path Distance,0,38,[],0,0,0,0,0,0,0,0,0
254,dbscan,Path Distance,0,38,[],0,0,0,0,0,0,0,0,0
255,hierarchical,Path Distance,0,38,[],0,0,0,0,0,0,0,0,0
256,spectral,Path Distance,0,38,[],0,0,0,0,0,0,0,0,0
257,gmm,Path Distance,0,38,[],0,0,0,0,0,0,0,0,0
258,som,Path Distance,0,38,[],0,0,0,0,0,0,0,0,0
259,kmeans,Path Distance,0,39,[],0,0,0,0,0,0,0,0,0
260,fuzzy_c_means,Path Distance,0,39,[],0,0,0,0,0,0,0,0,0
261,dbscan,Path Distance,0,39,[],0,0,0,0,0,0,0,0,0
262,hierarchical,Path Distance,0,39,[],0,0,0,0,0,0,0,0,0
263,spectral,Path Distance,0,39,[],0,0,0,0,0,0,0,0,0
264,gmm,Path Distance,0,39,[],0,0,0,0,0,0,0,0,0
265,som,Path Distance,0,39,[],0,0,0,0,0,0,0,0,0
266,kmeans,Path Distance,0,40,[],0,0,0,0,0,0,0,0,0
267,fuzzy_c_means,Path Distance,0,40,[],0,0,0,0,0,0,0,0,0
268,dbscan,Path Distance,0,40,[],0,0,0,0,0,0,0,0,0
269,hierarchical,Path Distance,0,40,[],0,0,0,0,0,0,0,0,0
270,spectral,Path Distance,0,40,[],0,0,0,0,0,0,0,0,0
271,gmm,Path Distance,0,40,[],0,0,0,0,0,0,0,0,0
272,som,Path Distance,0,40,[],0,0,0,0,0,0,0,0,0
273,kmeans,Path Distance,0,41,[],0,0,0,0,0,0,0,0,0
274,fuzzy_c_means,Path Distance,0,41,[],0,0,0,0,0,0,0,0,0
275,dbscan,Path Distance,0,41,[],0,0,0,0,0,0,0,0,0
276,hierarchical,Path Distance,0,41,[],0,0,0,0,0,0,0,0,0
277,spectral,Path Distance,0,41,[],0,0,0,0,0,0,0,0,0
278,gmm,Path Distance,0,41,[],0,0,0,0,0,0,0,0,0
279,som,Path Distance,0,41,[],0,0,0,0,0,0,0,0,0
280,kmeans,Path Distance,0,42,[],0,0,0,0,0,0,0,0,0
281,fuzzy_c_means,Path Distance,0,42,[],0,0,0,0,0,0,0,0,0
282,dbscan,Path Distance,0,42,[],0,0,0,0,0,0,0,0,0
283,hierarchical,Path Distance,0,42,[],0,0,0,0,0,0,0,0,0
284,spectral,Path Distance,0,42,[],0,0,0,0,0,0,0,0,0
285,gmm,Path Distance,0,42,[],0,0,0,0,0,0,0,0,0
286,som,Path Distance,0,42,[],0,0,0,0,0,0,0,0,0
287,kmeans,Path Distance,0,43,[],0,0,0,0,0,0,0,0,0
288,fuzzy_c_means,Path Distance,0,43,[],0,0,0,0,0,0,0,0,0
289,dbscan,Path Distance,0,43,[],0,0,0,0,0,0,0,0,0
290,hierarchical,Path Distance,0,43,[],0,0,0,0,0,0,0,0,0
291,spectral,Path Distance,0,43,[],0,0,0,0,0,0,0,0,0
292,gmm,Path Distance,0,43,[],0,0,0,0,0,0,0,0,0
293,som,Path Distance,0,43,[],0,0,0,0,0,0,0,0,0
294,kmeans,Path Distance,0,44,[],0,0,0,0,0,0,0,0,0
295,fuzzy_c_means,Path Distance,0,44,[],0,0,0,0,0,0,0,0,0
296,dbscan,Path Distance,0,44,[],0,0,0,0,0,0,0,0,0
297,hierarchical,Path Distance,0,44,[],0,0,0,0,0,0,0,0,0
298,spectral,Path Distance,0,44,[],0,0,0,0,0,0,0,0,0
299,gmm,Path Distance,0,44,[],0,0,0,0,0,0,0,0,0
300,som,Path Distance,0,44,[],0,0,0,0,0,0,0,0,0
301,kmeans,Path Distance,0,45,[],0,0,0,0,0,0,0,0,0
302,fuzzy_c_means,Path Distance,0,45,[],0,0,0,0,0,0,0,0,0
303,dbscan,Path Distance,0,45,[],0,0,0,0,0,0,0,0,0
304,hierarchical,Path Distance,0,45,[],0,0,0,0,0,0,0,0,0
305,spectral,Path Distance,0,45,[],0,0,0,0,0,0,0,0,0
306,gmm,Path Distance,0,45,[],0,0,0,0,0,0,0,0,0
307,som,Path Distance,0,45,[],0,0,0,0,0,0,0,0,0
308,kmeans,Path Distance,0,46,[],0,0,0,0,0,0,0,0,0
309,fuzzy_c_means,Path Distance,0,46,[],0,0,0,0,0,0,0,0,0
310,dbscan,Path Distance,0,46,[],0,0,0,0,0,0,0,0,0
311,hierarchical,Path Distance,0,46,[],0,0,0,0,0,0,0,0,0
312,spectral,Path Distance,0,46,[],0,0,0,0,0,0,0,0,0
313,gmm,Path Distance,0,46,[],0,0,0,0,0,0,0,0,0
314,som,Path Distance,0,46,[],0,0,0,0,0,0,0,0,0
315,kmeans,Path Distance,0,47,[],0,0,0,0,0,0,0,0,0
316,fuzzy_c_means,Path Distance,0,47,[],0,0,0,0,0,0,0,0,0
317,dbscan,Path Distance,0,47,[],0,0,0,0,0,0,0,0,0
318,hierarchical,Path Distance,0,47,[],0,0,0,0,0,0,0,0,0
319,spectral,Path Distance,0,47,[],0,0,0,0,0,0,0,0,0
320,gmm,Path Distance,0,47,[],0,0,0,0,0,0,0,0,0
321,som,Path Distance,0,47,[],0,0,0,0,0,0,0,0,0
322,kmeans,Path Distance,0,48,[],0,0,0,0,0,0,0,0,0
323,fuzzy_c_means,Path Distance,0,48,[],0,0,0,0,0,0,0,0,0
324,dbscan,Path Distance,0,48,[],0,0,0,0,0,0,0,0,0
325,hierarchical,Path Distance,0,48,[],0,0,0,0,0,0,0,0,0
326,spectral,Path Distance,0,48,[],0,0,0,0,0,0,0,0,0
327,gmm,Path Distance,0,48,[],0,0,0,0,0,0,0,0,0
328,som,Path Distance,0,48,[],0,0,0,0,0,0,0,0,0
329,kmeans,Path Distance,0,49,[],0,0,0,0,0,0,0,0,0
330,fuzzy_c_means,Path Distance,0,49,[],0,0,0,0,0,0,0,0,0
331,dbscan,Path Distance,0,49,[],0,0,0,0,0,0,0,0,0
332,hierarchical,Path Distance,0,49,[],0,0,0,0,0,0,0,0,0
333,spectral,Path Distance,0,49,[],0,0,0,0,0,0,0,0,0
334,gmm,Path Distance,0,49,[],0,0,0,0,0,0,0,0,0
335,som,Path Distance,0,49,[],0,0,0,0,0,0,0,0,0
336,kmeans,Path Distance,0,50,[],0,0,0,0,0,0,0,0,0
337,fuzzy_c_means,Path Distance,0,50,[],0,0,0,0,0,0,0,0,0
338,dbscan,Path Distance,0,50,[],0,0,0,0,0,0,0,0,0
339,hierarchical,Path Distance,0,50,[],0,0,0,0,0,0,0,0,0
340,spectral,Path Distance,0,50,[],0,0,0,0,0,0,0,0,0
341,gmm,Path Distance,0,50,[],0,0,0,0,0,0,0,0,0
342,som,Path Distance,0,50,[],0,0,0,0,0,0,0,0,0
343,kmeans,Path Distance,0,51,[],0,0,0,0,0,0,0,0,0
344,fuzzy_c_means,Path Distance,0,51,[],0,0,0,0,0,0,0,0,0
345,dbscan,Path Distance,0,51,[],0,0,0,0,0,0,0,0,0
346,hierarchical,Path Distance,0,51,[],0,0,0,0,0,0,0,0,0
347,spectral,Path Distance,0,51,[],0,0,0,0,0,0,0,0,0
348,gmm,Path Distance,0,51,[],0,0,0,0,0,0,0,0,0
349,som,Path Distance,0,51,[],0,0,0,0,0,0,0,0,0
350,kmeans,Path Distance,0,52,[],0,0,0,0,0,0,0,0,0
351,fuzzy_c_means,Path Distance,0,52,[],0,0,0,0,0,0,0,0,0
352,dbscan,Path Distance,0,52,[],0,0,0,0,0,0,0,0,0
353,hierarchical,Path Distance,0,52,[],0,0,0,0,0,0,0,0,0
354,spectral,Path Distance,0,52,[],0,0,0,0,0,0,0,0,0
355,gmm,Path Distance,0,52,[],0,0,0,0,0,0,0,0,0
356,som,Path Distance,0,52,[],0,0,0,0,0,0,0,0,0
357,kmeans,Path Distance,0,53,[],0,0,0,0,0,0,0,0,0
358,fuzzy_c_means,Path Distance,0,53,[],0,0,0,0,0,0,0,0,0
359,dbscan,Path Distance,0,53,[],0,0,0,0,0,0,0,0,0
360,hierarchical,Path Distance,0,53,[],0,0,0,0,0,0,0,0,0
361,spectral,Path Distance,0,53,[],0,0,0,0,0,0,0,0,0
362,gmm,Path Distance,0,53,[],0,0,0,0,0,0,0,0,0
363,som,Path Distance,0,53,[],0,0,0,0,0,0,0,0,0
364,kmeans,Path Distance,0,54,[],0,0,0,0,0,0,0,0,0
365,fuzzy_c_means,Path Distance,0,54,[],0,0,0,0,0,0,0,0,0
366,dbscan,Path Distance,0,54,[],0,0,0,0,0,0,0,0,0
367,hierarchical,Path Distance,0,54,[],0,0,0,0,0,0,0,0,0
368,spectral,Path Distance,0,54,[],0,0,0,0,0,0,0,0,0
369,gmm,Path Distance,0,54,[],0,0,0,0,0,0,0,0,0
370,som,Path Distance,0,54,[],0,0,0,0,0,0,0,0,0
371,kmeans,Path Distance,0,55,[],0,0,0,0,0,0,0,0,0
372,fuzzy_c_means,Path Distance,0,55,[],0,0,0,0,0,0,0,0,0
373,dbscan,Path Distance,0,55,[],0,0,0,0,0,0,0,0,0
374,hierarchical,Path Distance,0,55,[],0,0,0,0,0,0,0,0,0
375,spectral,Path Distance,0,55,[],0,0,0,0,0,0,0,0,0
376,gmm,Path Distance,0,55,[],0,0,0,0,0,0,0,0,0
377,som,Path Distance,0,55,[],0,0,0,0,0,0,0,0,0
378,kmeans,Path Distance,0,56,[],0,0,0,0,0,0,0,0,0
379,fuzzy_c_means,Path Distance,0,56,[],0,0,0,0,0,0,0,0,0
380,dbscan,Path Distance,0,56,[],0,0,0,0,0,0,0,0,0
381,hierarchical,Path Distance,0,56,[],0,0,0,0,0,0,0,0,0
382,spectral,Path Distance,0,56,[],0,0,0,0,0,0,0,0,0
383,gmm,Path Distance,0,56,[],0,0,0,0,0,0,0,0,0
384,som,Path Distance,0,56,[],0,0,0,0,0,0,0,0,0
385,kmeans,Path Distance,0,57,[],0,0,0,0,0,0,0,0,0
386,fuzzy_c_means,Path Distance,0,57,[],0,0,0,0,0,0,0,0,0
387,dbscan,Path Distance,0,57,[],0,0,0,0,0,0,0,0,0
388,hierarchical,Path Distance,0,57,[],0,0,0,0,0,0,0,0,0
389,spectral,Path Distance,0,57,[],0,0,0,0,0,0,0,0,0
390,gmm,Path Distance,0,57,[],0,0,0,0,0,0,0,0,0
391,som,Path Distance,0,57,[],0,0,0,0,0,0,0,0,0
392,kmeans,Path Distance,0,58,[],0,0,0,0,0,0,0,0,0
393,fuzzy_c_means,Path Distance,0,58,[],0,0,0,0,0,0,0,0,0
394,dbscan,Path Distance,0,58,[],0,0,0,0,0,0,0,0,0
395,hierarchical,Path Distance,0,58,[],0,0,0,0,0,0,0,0,0
396,spectral,Path Distance,0,58,[],0,0,0,0,0,0,0,0,0
397,gmm,Path Distance,0,58,[],0,0,0,0,0,0,0,0,0
398,som,Path Distance,0,58,[],0,0,0,0,0,0,0,0,0
399,kmeans,Path Distance,0,59,[],0,0,0,0,0,0,0,0,0
400,fuzzy_c_means,Path Distance,0,59,[],0,0,0,0,0,0,0,0,0
401,dbscan,Path Distance,0,59,[],0,0,0,0,0,0,0,0,0
402,hierarchical,Path Distance,0,59,[],0,0,0,0,0,0,0,0,0
403,spectral,Path Distance,0,59,[],0,0,0,0,0,0,0,0,0
404,gmm,Path Distance,0,59,[],0,0,0,0,0,0,0,0,0
405,som,Path Distance,0,59,[],0,0,0,0,0,0,0,0,0
406,kmeans,Path Distance,0,60,[],0,0,0,0,0,0,0,0,0
407,fuzzy_c_means,Path Distance,0,60,[],0,0,0,0,0,0,0,0,0
408,dbscan,Path Distance,0,60,[],0,0,0,0,0,0,0,0,0
409,hierarchical,Path Distance,0,60,[],0,0,0,0,0,0,0,0,0
410,spectral,Path Distance,0,60,[],0,0,0,0,0,0,0,0,0
411,gmm,Path Distance,0,60,[],0,0,0,0,0,0,0,0,0
412,som,Path Distance,0,60,[],0,0,0,0,0,0,0,0,0
413,kmeans,Path Distance,0,61,[],0,0,0,0,0,0,0,0,0
414,fuzzy_c_means,Path Distance,0,61,[],0,0,0,0,0,0,0,0,0
415,dbscan,Path Distance,0,61,[],0,0,0,0,0,0,0,0,0
416,hierarchical,Path Distance,0,61,[],0,0,0,0,0,0,0,0,0
417,spectral,Path Distance,0,61,[],0,0,0,0,0,0,0,0,0
418,gmm,Path Distance,0,61,[],0,0,0,0,0,0,0,0,0
419,som,Path Distance,0,61,[],0,0,0,0,0,0,0,0,0
420,kmeans,Path Distance,0,62,[],0,0,0,0,0,0,0,0,0
421,fuzzy_c_means,Path Distance,0,62,[],0,0,0,0,0,0,0,0,0
422,dbscan,Path Distance,0,62,[],0,0,0,0,0,0,0,0,0
423,hierarchical,Path Distance,0,62,[],0,0,0,0,0,0,0,0,0
424,spectral,Path Distance,0,62,[],0,0,0,0,0,0,0,0,0
425,gmm,Path Distance,0,62,[],0,0,0,0,0,0,0,0,0
426,som,Path Distance,0,62,[],0,0,0,0,0,0,0,0,0
427,kmeans,Path Distance,0,63,[],0,0,0,0,0,0,0,0,0
428,fuzzy_c_means,Path Distance,0,63,[],0,0,0,0,0,0,0,0,0
429,dbscan,Path Distance,0,63,[],0,0,0,0,0,0,0,0,0
430,hierarchical,Path Distance,0,63,[],0,0,0,0,0,0,0,0,0
431,spectral,Path Distance,0,63,[],0,0,0,0,0,0,0,0,0
432,gmm,Path Distance,0,63,[],0,0,0,0,0,0,0,0,0
433,som,Path Distance,0,63,[],0,0,0,0,0,0,0,0,0
434,kmeans,Path Distance,0,64,[],0,0,0,0,0,0,0,0,0
435,fuzzy_c_means,Path Distance,0,64,[],0,0,0,0,0,0,0,0,0
436,dbscan,Path Distance,0,64,[],0,0,0,0,0,0,0,0,0
437,hierarchical,Path Distance,0,64,[],0,0,0,0,0,0,0,0,0
438,spectral,Path Distance,0,64,[],0,0,0,0,0,0,0,0,0
439,gmm,Path Distance,0,64,[],0,0,0,0,0,0,0,0,0
440,som,Path Distance,0,64,[],0,0,0,0,0,0,0,0,0
441,kmeans,Path Distance,0,65,[],0,0,0,0,0,0,0,0,0
442,fuzzy_c_means,Path Distance,0,65,[],0,0,0,0,0,0,0,0,0
443,dbscan,Path Distance,0,65,[],0,0,0,0,0,0,0,0,0
444,hierarchical,Path Distance,0,65,[],0,0,0,0,0,0,0,0,0
445,spectral,Path Distance,0,65,[],0,0,0,0,0,0,0,0,0
446,gmm,Path Distance,0,65,[],0,0,0,0,0,0,0,0,0
447,som,Path Distance,0,65,[],0,0,0,0,0,0,0,0,0
448,kmeans,Path Distance,0,66,[],0,0,0,0,0,0,0,0,0
449,fuzzy_c_means,Path Distance,0,66,[],0,0,0,0,0,0,0,0,0
450,dbscan,Path Distance,0,66,[],0,0,0,0,0,0,0,0,0
451,hierarchical,Path Distance,0,66,[],0,0,0,0,0,0,0,0,0
452,spectral,Path Distance,0,66,[],0,0,0,0,0,0,0,0,0
453,gmm,Path Distance,0,66,[],0,0,0,0,0,0,0,0,0
454,som,Path Distance,0,66,[],0,0,0,0,0,0,0,0,0
455,kmeans,Path Distance,0,67,[],0,0,0,0,0,0,0,0,0
456,fuzzy_c_means,Path Distance,0,67,[],0,0,0,0,0,0,0,0,0
457,dbscan,Path Distance,0,67,[],0,0,0,0,0,0,0,0,0
458,hierarchical,Path Distance,0,67,[],0,0,0,0,0,0,0,0,0
459,spectral,Path Distance,0,67,[],0,0,0,0,0,0,0,0,0
460,gmm,Path Distance,0,67,[],0,0,0,0,0,0,0,0,0
461,som,Path Distance,0,67,[],0,0,0,0,0,0,0,0,0
462,kmeans,Path Distance,0,68,[],0,0,0,0,0,0,0,0,0
463,fuzzy_c_means,Path Distance,0,68,[],0,0,0,0,0,0,0,0,0
464,dbscan,Path Distance,0,68,[],0,0,0,0,0,0,0,0,0
465,hierarchical,Path Distance,0,68,[],0,0,0,0,0,0,0,0,0
466,spectral,Path Distance,0,68,[],0,0,0,0,0,0,0,0,0
467,gmm,Path Distance,0,68,[],0,0,0,0,0,0,0,0,0
468,som,Path Distance,0,68,[],0,0,0,0,0,0,0,0,0
469,kmeans,Path Distance,0,69,[],0,0,0,0,0,0,0,0,0
470,fuzzy_c_means,Path Distance,0,69,[],0,0,0,0,0,0,0,0,0
471,dbscan,Path Distance,0,69,[],0,0,0,0,0,0,0,0,0
472,hierarchical,Path Distance,0,69,[],0,0,0,0,0,0,0,0,0
473,spectral,Path Distance,0,69,[],0,0,0,0,0,0,0,0,0
474,gmm,Path Distance,0,69,[],0,0,0,0,0,0,0,0,0
475,som,Path Distance,0,69,[],0,0,0,0,0,0,0,0,0
476,kmeans,Path Distance,0,70,[],0,0,0,0,0,0,0,0,0
477,fuzzy_c_means,Path Distance,0,70,[],0,0,0,0,0,0,0,0,0
478,dbscan,Path Distance,0,70,[],0,0,0,0,0,0,0,0,0
479,hierarchical,Path Distance,0,70,[],0,0,0,0,0,0,0,0,0
480,spectral,Path Distance,0,70,[],0,0,0,0,0,0,0,0,0
481,gmm,Path Distance,0,70,[],0,0,0,0,0,0,0,0,0
482,som,Path Distance,0,70,[],0,0,0,0,0,0,0,0,0
483,kmeans,Path Distance,0,71,[],0,0,0,0,0,0,0,0,0
484,fuzzy_c_means,Path Distance,0,71,[],0,0,0,0,0,0,0,0,0
485,dbscan,Path Distance,0,71,[],0,0,0,0,0,0,0,0,0
486,hierarchical,Path Distance,0,71,[],0,0,0,0,0,0,0,0,0
487,spectral,Path Distance,0,71,[],0,0,0,0,0,0,0,0,0
488,gmm,Path Distance,0,71,[],0,0,0,0,0,0,0,0,0
489,som,Path Distance,0,71,[],0,0,0,0,0,0,0,0,0
490,kmeans,Path Distance,0,72,[],0,0,0,0,0,0,0,0,0
491,fuzzy_c_means,Path Distance,0,72,[],0,0,0,0,0,0,0,0,0
492,dbscan,Path Distance,0,72,[],0,0,0,0,0,0,0,0,0
493,hierarchical,Path Distance,0,72,[],0,0,0,0,0,0,0,0,0
494,spectral,Path Distance,0,72,[],0,0,0,0,0,0,0,0,0
495,gmm,Path Distance,0,72,[],0,0,0,0,0,0,0,0,0
496,som,Path Distance,0,72,[],0,0,0,0,0,0,0,0,0
497,kmeans,Path Distance,0,73,[],0,0,0,0,0,0,0,0,0
498,fuzzy_c_means,Path Distance,0,73,[],0,0,0,0,0,0,0,0,0
499,dbscan,Path Distance,0,73,[],0,0,0,0,0,0,0,0,0
500,hierarchical,Path Distance,0,73,[],0,0,0,0,0,0,0,0,0
501,spectral,Path Distance,0,73,[],0,0,0,0,0,0,0,0,0
502,gmm,Path Distance,0,73,[],0,0,0,0,0,0,0,0,0
503,som,Path Distance,0,73,[],0,0,0,0,0,0,0,0,0
504,kmeans,Path Distance,0,74,[],0,0,0,0,0,0,0,0,0
505,fuzzy_c_means,Path Distance,0,74,[],0,0,0,0,0,0,0,0,0
506,dbscan,Path Distance,0,74,[],0,0,0,0,0,0,0,0,0
507,hierarchical,Path Distance,0,74,[],0,0,0,0,0,0,0,0,0
508,spectral,Path Distance,0,74,[],0,0,0,0,0,0,0,0,0
509,gmm,Path Distance,0,74,[],0,0,0,0,0,0,0,0,0
510,som,Path Distance,0,74,[],0,0,0,0,0,0,0,0,0
511,kmeans,Path Distance,0,75,[],0,0,0,0,0,0,0,0,0
512,fuzzy_c_means,Path Distance,0,75,[],0,0,0,0,0,0,0,0,0
513,dbscan,Path Distance,0,75,[],0,0,0,0,0,0,0,0,0
514,hierarchical,Path Distance,0,75,[],0,0,0,0,0,0,0,0,0
515,spectral,Path Distance,0,75,[],0,0,0,0,0,0,0,0,0
516,gmm,Path Distance,0,75,[],0,0,0,0,0,0,0,0,0
517,som,Path Distance,0,75,[],0,0,0,0,0,0,0,0,0
518,kmeans,Path Distance,0,76,[],0,0,0,0,0,0,0,0,0
519,fuzzy_c_means,Path Distance,0,76,[],0,0,0,0,0,0,0,0,0
520,dbscan,Path Distance,0,76,[],0,0,0,0,0,0,0,0,0
521,hierarchical,Path Distance,0,76,[],0,0,0,0,0,0,0,0,0
522,spectral,Path Distance,0,76,[],0,0,0,0,0,0,0,0,0
523,gmm,Path Distance,0,76,[],0,0,0,0,0,0,0,0,0
524,som,Path Distance,0,76,[],0,0,0,0,0,0,0,0,0
525,kmeans,Path Distance,0,77,[],0,0,0,0,0,0,0,0,0
526,fuzzy_c_means,Path Distance,0,77,[],0,0,0,0,0,0,0,0,0
527,dbscan,Path Distance,0,77,[],0,0,0,0,0,0,0,0,0
528,hierarchical,Path Distance,0,77,[],0,0,0,0,0,0,0,0,0
529,spectral,Path Distance,0,77,[],0,0,0,0,0,0,0,0,0
530,gmm,Path Distance,0,77,[],0,0,0,0,0,0,0,0,0
531,som,Path Distance,0,77,[],0,0,0,0,0,0,0,0,0
532,kmeans,Path Distance,0,78,[],0,0,0,0,0,0,0,0,0
533,fuzzy_c_means,Path Distance,0,78,[],0,0,0,0,0,0,0,0,0
534,dbscan,Path Distance,0,78,[],0,0,0,0,0,0,0,0,0
535,hierarchical,Path Distance,0,78,[],0,0,0,0,0,0,0,0,0
536,spectral,Path Distance,0,78,[],0,0,0,0,0,0,0,0,0
537,gmm,Path Distance,0,78,[],0,0,0,0,0,0,0,0,0
538,som,Path Distance,0,78,[],0,0,0,0,0,0,0,0,0
539,kmeans,Path Distance,0,79,[],0,0,0,0,0,0,0,0,0
540,fuzzy_c_means,Path Distance,0,79,[],0,0,0,0,0,0,0,0,0
541,dbscan,Path Distance,0,79,[],0,0,0,0,0,0,0,0,0
542,hierarchical,Path Distance,0,79,[],0,0,0,0,0,0,0,0,0
543,spectral,Path Distance,0,79,[],0,0,0,0,0,0,0,0,0
544,gmm,Path Distance,0,79,[],0,0,0,0,0,0,0,0,0
545,som,Path Distance,0,79,[],0,0,0,0,0,0,0,0,0
546,kmeans,Path Distance,0,80,[],0,0,0,0,0,0,0,0,0
547,fuzzy_c_means,Path Distance,0,80,[],0,0,0,0,0,0,0,0,0
548,dbscan,Path Distance,0,80,[],0,0,0,0,0,0,0,0,0
549,hierarchical,Path Distance,0,80,[],0,0,0,0,0,0,0,0,0
550,spectral,Path Distance,0,80,[],0,0,0,0,0,0,0,0,0
551,gmm,Path Distance,0,80,[],0,0,0,0,0,0,0,0,0
552,som,Path Distance,0,80,[],0,0,0,0,0,0,0,0,0
553,kmeans,Path Distance,0,81,[],0,0,0,0,0,0,0,0,0
554,fuzzy_c_means,Path Distance,0,81,[],0,0,0,0,0,0,0,0,0
555,dbscan,Path Distance,0,81,[],0,0,0,0,0,0,0,0,0
556,hierarchical,Path Distance,0,81,[],0,0,0,0,0,0,0,0,0
557,spectral,Path Distance,0,81,[],0,0,0,0,0,0,0,0,0
558,gmm,Path Distance,0,81,[],0,0,0,0,0,0,0,0,0
559,som,Path Distance,0,81,[],0,0,0,0,0,0,0,0,0
560,kmeans,Path Distance,0,82,[],0,0,0,0,0,0,0,0,0
561,fuzzy_c_means,Path Distance,0,82,[],0,0,0,0,0,0,0,0,0
562,dbscan,Path Distance,0,82,[],0,0,0,0,0,0,0,0,0
563,hierarchical,Path Distance,0,82,[],0,0,0,0,0,0,0,0,0
564,spectral,Path Distance,0,82,[],0,0,0,0,0,0,0,0,0
565,gmm,Path Distance,0,82,[],0,0,0,0,0,0,0,0,0
566,som,Path Distance,0,82,[],0,0,0,0,0,0,0,0,0
567,kmeans,Path Distance,0,83,[],0,0,0,0,0,0,0,0,0
568,fuzzy_c_means,Path Distance,0,83,[],0,0,0,0,0,0,0,0,0
569,dbscan,Path Distance,0,83,[],0,0,0,0,0,0,0,0,0
570,hierarchical,Path Distance,0,83,[],0,0,0,0,0,0,0,0,0
571,spectral,Path Distance,0,83,[],0,0,0,0,0,0,0,0,0
572,gmm,Path Distance,0,83,[],0,0,0,0,0,0,0,0,0
573,som,Path Distance,0,83,[],0,0,0,0,0,0,0,0,0
574,kmeans,Path Distance,0,84,[],0,0,0,0,0,0,0,0,0
575,fuzzy_c_means,Path Distance,0,84,[],0,0,0,0,0,0,0,0,0
576,dbscan,Path Distance,0,84,[],0,0,0,0,0,0,0,0,0
577,hierarchical,Path Distance,0,84,[],0,0,0,0,0,0,0,0,0
578,spectral,Path Distance,0,84,[],0,0,0,0,0,0,0,0,0
579,gmm,Path Distance,0,84,[],0,0,0,0,0,0,0,0,0
580,som,Path Distance,0,84,[],0,0,0,0,0,0,0,0,0
581,kmeans,Path Distance,0,85,[],0,0,0,0,0,0,0,0,0
582,fuzzy_c_means,Path Distance,0,85,[],0,0,0,0,0,0,0,0,0
583,dbscan,Path Distance,0,85,[],0,0,0,0,0,0,0,0,0
584,hierarchical,Path Distance,0,85,[],0,0,0,0,0,0,0,0,0
585,spectral,Path Distance,0,85,[],0,0,0,0,0,0,0,0,0
586,gmm,Path Distance,0,85,[],0,0,0,0,0,0,0,0,0
587,som,Path Distance,0,85,[],0,0,0,0,0,0,0,0,0
588,kmeans,Path Distance,0,86,[],0,0,0,0,0,0,0,0,0
589,fuzzy_c_means,Path Distance,0,86,[],0,0,0,0,0,0,0,0,0
590,dbscan,Path Distance,0,86,[],0,0,0,0,0,0,0,0,0
591,hierarchical,Path Distance,0,86,[],0,0,0,0,0,0,0,0,0
592,spectral,Path Distance,0,86,[],0,0,0,0,0,0,0,0,0
593,gmm,Path Distance,0,86,[],0,0,0,0,0,0,0,0,0
594,som,Path Distance,0,86,[],0,0,0,0,0,0,0,0,0
595,kmeans,Path Distance,0,87,[],0,0,0,0,0,0,0,0,0
596,fuzzy_c_means,Path Distance,0,87,[],0,0,0,0,0,0,0,0,0
597,dbscan,Path Distance,0,87,[],0,0,0,0,0,0,0,0,0
598,hierarchical,Path Distance,0,87,[],0,0,0,0,0,0,0,0,0
599,spectral,Path Distance,0,87,[],0,0,0,0,0,0,0,0,0
600,gmm,Path Distance,0,87,[],0,0,0,0,0,0,0,0,0
601,som,Path Distance,0,87,[],0,0,0,0,0,0,0,0,0
602,kmeans,Path Distance,0,88,[],0,0,0,0,0,0,0,0,0
603,fuzzy_c_means,Path Distance,0,88,[],0,0,0,0,0,0,0,0,0
604,dbscan,Path Distance,0,88,[],0,0,0,0,0,0,0,0,0
605,hierarchical,Path Distance,0,88,[],0,0,0,0,0,0,0,0,0
606,spectral,Path Distance,0,88,[],0,0,0,0,0,0,0,0,0
607,gmm,Path Distance,0,88,[],0,0,0,0,0,0,0,0,0
608,som,Path Distance,0,88,[],0,0,0,0,0,0,0,0,0
609,kmeans,Path Distance,0,89,[],0,0,0,0,0,0,0,0,0
610,fuzzy_c_means,Path Distance,0,89,[],0,0,0,0,0,0,0,0,0
611,dbscan,Path Distance,0,89,[],0,0,0,0,0,0,0,0,0
612,hierarchical,Path Distance,0,89,[],0,0,0,0,0,0,0,0,0
613,spectral,Path Distance,0,89,[],0,0,0,0,0,0,0,0,0
614,gmm,Path Distance,0,89,[],0,0,0,0,0,0,0,0,0
615,som,Path Distance,0,89,[],0,0,0,0,0,0,0,0,0
616,kmeans,Path Distance,0,90,[],0,0,0,0,0,0,0,0,0
617,fuzzy_c_means,Path Distance,0,90,[],0,0,0,0,0,0,0,0,0
618,dbscan,Path Distance,0,90,[],0,0,0,0,0,0,0,0,0
619,hierarchical,Path Distance,0,90,[],0,0,0,0,0,0,0,0,0
620,spectral,Path Distance,0,90,[],0,0,0,0,0,0,0,0,0
621,gmm,Path Distance,0,90,[],0,0,0,0,0,0,0,0,0
622,som,Path Distance,0,90,[],0,0,0,0,0,0,0,0,0
623,kmeans,Path Distance,0,91,[],0,0,0,0,0,0,0,0,0
624,fuzzy_c_means,Path Distance,0,91,[],0,0,0,0,0,0,0,0,0
625,dbscan,Path Distance,0,91,[],0,0,0,0,0,0,0,0,0
626,hierarchical,Path Distance,0,91,[],0,0,0,0,0,0,0,0,0
627,spectral,Path Distance,0,91,[],0,0,0,0,0,0,0,0,0
628,gmm,Path Distance,0,91,[],0,0,0,0,0,0,0,0,0
629,som,Path Distance,0,91,[],0,0,0,0,0,0,0,0,0
630,kmeans,Path Distance,0,92,[],0,0,0,0,0,0,0,0,0
631,fuzzy_c_means,Path Distance,0,92,[],0,0,0,0,0,0,0,0,0
632,dbscan,Path Distance,0,92,[],0,0,0,0,0,0,0,0,0
633,hierarchical,Path Distance,0,92,[],0,0,0,0,0,0,0,0,0
634,spectral,Path Distance,0,92,[],0,0,0,0,0,0,0,0,0
635,gmm,Path Distance,0,92,[],0,0,0,0,0,0,0,0,0
636,som,Path Distance,0,92,[],0,0,0,0,0,0,0,0,0
637,kmeans,Path Distance,0,93,[],0,0,0,0,0,0,0,0,0
638,fuzzy_c_means,Path Distance,0,93,[],0,0,0,0,0,0,0,0,0
639,dbscan,Path Distance,0,93,[],0,0,0,0,0,0,0,0,0
640,hierarchical,Path Distance,0,93,[],0,0,0,0,0,0,0,0,0
641,spectral,Path Distance,0,93,[],0,0,0,0,0,0,0,0,0
642,gmm,Path Distance,0,93,[],0,0,0,0,0,0,0,0,0
643,som,Path Distance,0,93,[],0,0,0,0,0,0,0,0,0
644,kmeans,Path Distance,0,94,[],0,0,0,0,0,0,0,0,0
645,fuzzy_c_means,Path Distance,0,94,[],0,0,0,0,0,0,0,0,0
646,dbscan,Path Distance,0,94,[],0,0,0,0,0,0,0,0,0
647,hierarchical,Path Distance,0,94,[],0,0,0,0,0,0,0,0,0
648,spectral,Path Distance,0,94,[],0,0,0,0,0,0,0,0,0
649,gmm,Path Distance,0,94,[],0,0,0,0,0,0,0,0,0
650,som,Path Distance,0,94,[],0,0,0,0,0,0,0,0,0
651,kmeans,Path Distance,0,95,[],0,0,0,0,0,0,0,0,0
652,fuzzy_c_means,Path Distance,0,95,[],0,0,0,0,0,0,0,0,0
653,dbscan,Path Distance,0,95,[],0,0,0,0,0,0,0,0,0
654,hierarchical,Path Distance,0,95,[],0,0,0,0,0,0,0,0,0
655,spectral,Path Distance,0,95,[],0,0,0,0,0,0,0,0,0
656,gmm,Path Distance,0,95,[],0,0,0,0,0,0,0,0,0
657,som,Path Distance,0,95,[],0,0,0,0,0,0,0,0,0
658,kmeans,Path Distance,0,96,[],0,0,0,0,0,0,0,0,0
659,fuzzy_c_means,Path Distance,0,96,[],0,0,0,0,0,0,0,0,0
660,dbscan,Path Distance,0,96,[],0,0,0,0,0,0,0,0,0
661,hierarchical,Path Distance,0,96,[],0,0,0,0,0,0,0,0,0
662,spectral,Path Distance,0,96,[],0,0,0,0,0,0,0,0,0
663,gmm,Path Distance,0,96,[],0,0,0,0,0,0,0,0,0
664,som,Path Distance,0,96,[],0,0,0,0,0,0,0,0,0
665,kmeans,Path Distance,0,97,[],0,0,0,0,0,0,0,0,0
666,fuzzy_c_means,Path Distance,0,97,[],0,0,0,0,0,0,0,0,0
667,dbscan,Path Distance,0,97,[],0,0,0,0,0,0,0,0,0
668,hierarchical,Path Distance,0,97,[],0,0,0,0,0,0,0,0,0
669,spectral,Path Distance,0,97,[],0,0,0,0,0,0,0,0,0
670,gmm,Path Distance,0,97,[],0,0,0,0,0,0,0,0,0
671,som,Path Distance,0,97,[],0,0,0,0,0,0,0,0,0
672,kmeans,Path Distance,0,98,[],0,0,0,0,0,0,0,0,0
673,fuzzy_c_means,Path Distance,0,98,[],0,0,0,0,0,0,0,0,0
674,dbscan,Path Distance,0,98,[],0,0,0,0,0,0,0,0,0
675,hierarchical,Path Distance,0,98,[],0,0,0,0,0,0,0,0,0
676,spectral,Path Distance,0,98,[],0,0,0,0,0,0,0,0,0
677,gmm,Path Distance,0,98,[],0,0,0,0,0,0,0,0,0
678,som,Path Distance,0,98,[],0,0,0,0,0,0,0,0,0
679,kmeans,Path Distance,0,99,[],0,0,0,0,0,0,0,0,0
680,fuzzy_c_means,Path Distance,0,99,[],0,0,0,0,0,0,0,0,0
681,dbscan,Path Distance,0,99,[],0,0,0,0,0,0,0,0,0
682,hierarchical,Path Distance,0,99,[],0,0,0,0,0,0,0,0,0
683,spectral,Path Distance,0,99,[],0,0,0,0,0,0,0,0,0
684,gmm,Path Distance,0,99,[],0,0,0,0,0,0,0,0,0
685,som,Path Distance,0,99,[],0,0,0,0,0,0,0,0,0
686,kmeans,Path Distance,0,100,[],0,0,0,0,0,0,0,0,0
687,fuzzy_c_means,Path Distance,0,100,[],0,0,0,0,0,0,0,0,0
688,dbscan,Path Distance,0,100,[],0,0,0,0,0,0,0,0,0
689,hierarchical,Path Distance,0,100,[],0,0,0,0,0,0,0,0,0
690,spectral,Path Distance,0,100,[],0,0,0,0,0,0,0,0,0
691,gmm,Path Distance,0,100,[],0,0,0,0,0,0,0,0,0
692,som,Path Distance,0,100,[],0,0,0,0,0,0,0,0,0
693,kmeans,Path Distance,0,101,[],0,0,0,0,0,0,0,0,0
694,fuzzy_c_means,Path Distance,0,101,[],0,0,0,0,0,0,0,0,0
695,dbscan,Path Distance,0,101,[],0,0,0,0,0,0,0,0,0
696,hierarchical,Path Distance,0,101,[],0,0,0,0,0,0,0,0,0
697,spectral,Path Distance,0,101,[],0,0,0,0,0,0,0,0,0
698,gmm,Path Distance,0,101,[],0,0,0,0,0,0,0,0,0
699,som,Path Distance,0,101,[],0,0,0,0,0,0,0,0,0
700,kmeans,Path Distance,0,102,[],0,0,0,0,0,0,0,0,0
701,fuzzy_c_means,Path Distance,0,102,[],0,0,0,0,0,0,0,0,0
702,dbscan,Path Distance,0,102,[],0,0,0,0,0,0,0,0,0
703,hierarchical,Path Distance,0,102,[],0,0,0,0,0,0,0,0,0
704,spectral,Path Distance,0,102,[],0,0,0,0,0,0,0,0,0
705,gmm,Path Distance,0,102,[],0,0,0,0,0,0,0,0,0
706,som,Path Distance,0,102,[],0,0,0,0,0,0,0,0,0
707,kmeans,Path Distance,0,103,[],0,0,0,0,0,0,0,0,0
708,fuzzy_c_means,Path Distance,0,103,[],0,0,0,0,0,0,0,0,0
709,dbscan,Path Distance,0,103,[],0,0,0,0,0,0,0,0,0
710,hierarchical,Path Distance,0,103,[],0,0,0,0,0,0,0,0,0
711,spectral,Path Distance,0,103,[],0,0,0,0,0,0,0,0,0
712,gmm,Path Distance,0,103,[],0,0,0,0,0,0,0,0,0
713,som,Path Distance,0,103,[],0,0,0,0,0,0,0,0,0
714,kmeans,Path Distance,0,104,[],0,0,0,0,0,0,0,0,0
715,fuzzy_c_means,Path Distance,0,104,[],0,0,0,0,0,0,0,0,0
716,dbscan,Path Distance,0,104,[],0,0,0,0,0,0,0,0,0
717,hierarchical,Path Distance,0,104,[],0,0,0,0,0,0,0,0,0
718,spectral,Path Distance,0,104,[],0,0,0,0,0,0,0,0,0
719,gmm,Path Distance,0,104,[],0,0,0,0,0,0,0,0,0
720,som,Path Distance,0,104,[],0,0,0,0,0,0,0,0,0
721,kmeans,Path Distance,0,105,[],0,0,0,0,0,0,0,0,0
722,fuzzy_c_means,Path Distance,0,105,[],0,0,0,0,0,0,0,0,0
723,dbscan,Path Distance,0,105,[],0,0,0,0,0,0,0,0,0
724,hierarchical,Path Distance,0,105,[],0,0,0,0,0,0,0,0,0
725,spectral,Path Distance,0,105,[],0,0,0,0,0,0,0,0,0
726,gmm,Path Distance,0,105,[],0,0,0,0,0,0,0,0,0
727,som,Path Distance,0,105,[],0,0,0,0,0,0,0,0,0
728,kmeans,Path Distance,0,106,[],0,0,0,0,0,0,0,0,0
729,fuzzy_c_means,Path Distance,0,106,[],0,0,0,0,0,0,0,0,0
730,dbscan,Path Distance,0,106,[],0,0,0,0,0,0,0,0,0
731,hierarchical,Path Distance,0,106,[],0,0,0,0,0,0,0,0,0
732,spectral,Path Distance,0,106,[],0,0,0,0,0,0,0,0,0
733,gmm,Path Distance,0,106,[],0,0,0,0,0,0,0,0,0
734,som,Path Distance,0,106,[],0,0,0,0,0,0,0,0,0
735,kmeans,Path Distance,0,107,[],0,0,0,0,0,0,0,0,0
736,fuzzy_c_means,Path Distance,0,107,[],0,0,0,0,0,0,0,0,0
737,dbscan,Path Distance,0,107,[],0,0,0,0,0,0,0,0,0
738,hierarchical,Path Distance,0,107,[],0,0,0,0,0,0,0,0,0
739,spectral,Path Distance,0,107,[],0,0,0,0,0,0,0,0,0
740,gmm,Path Distance,0,107,[],0,0,0,0,0,0,0,0,0
741,som,Path Distance,0,107,[],0,0,0,0,0,0,0,0,0
742,kmeans,Path Distance,0,108,[],0,0,0,0,0,0,0,0,0
743,fuzzy_c_means,Path Distance,0,108,[],0,0,0,0,0,0,0,0,0
744,dbscan,Path Distance,0,108,[],0,0,0,0,0,0,0,0,0
745,hierarchical,Path Distance,0,108,[],0,0,0,0,0,0,0,0,0
746,spectral,Path Distance,0,108,[],0,0,0,0,0,0,0,0,0
747,gmm,Path Distance,0,108,[],0,0,0,0,0,0,0,0,0
748,som,Path Distance,0,108,[],0,0,0,0,0,0,0,0,0
749,kmeans,Path Distance,0,109,[],0,0,0,0,0,0,0,0,0
750,fuzzy_c_means,Path Distance,0,109,[],0,0,0,0,0,0,0,0,0
751,dbscan,Path Distance,0,109,[],0,0,0,0,0,0,0,0,0
752,hierarchical,Path Distance,0,109,[],0,0,0,0,0,0,0,0,0
753,spectral,Path Distance,0,109,[],0,0,0,0,0,0,0,0,0
754,gmm,Path Distance,0,109,[],0,0,0,0,0,0,0,0,0
755,som,Path Distance,0,109,[],0,0,0,0,0,0,0,0,0
756,kmeans,Path Distance,0,110,[],0,0,0,0,0,0,0,0,0
757,fuzzy_c_means,Path Distance,0,110,[],0,0,0,0,0,0,0,0,0
758,dbscan,Path Distance,0,110,[],0,0,0,0,0,0,0,0,0
759,hierarchical,Path Distance,0,110,[],0,0,0,0,0,0,0,0,0
760,spectral,Path Distance,0,110,[],0,0,0,0,0,0,0,0,0
761,gmm,Path Distance,0,110,[],0,0,0,0,0,0,0,0,0
762,som,Path Distance,0,110,[],0,0,0,0,0,0,0,0,0
763,kmeans,Path Distance,0,111,[],0,0,0,0,0,0,0,0,0
764,fuzzy_c_means,Path Distance,0,111,[],0,0,0,0,0,0,0,0,0
765,dbscan,Path Distance,0,111,[],0,0,0,0,0,0,0,0,0
766,hierarchical,Path Distance,0,111,[],0,0,0,0,0,0,0,0,0
767,spectral,Path Distance,0,111,[],0,0,0,0,0,0,0,0,0
768,gmm,Path Distance,0,111,[],0,0,0,0,0,0,0,0,0
769,som,Path Distance,0,111,[],0,0,0,0,0,0,0,0,0
770,kmeans,Path Distance,0,112,[],0,0,0,0,0,0,0,0,0
771,fuzzy_c_means,Path Distance,0,112,[],0,0,0,0,0,0,0,0,0
772,dbscan,Path Distance,0,112,[],0,0,0,0,0,0,0,0,0
773,hierarchical,Path Distance,0,112,[],0,0,0,0,0,0,0,0,0
774,spectral,Path Distance,0,112,[],0,0,0,0,0,0,0,0,0
775,gmm,Path Distance,0,112,[],0,0,0,0,0,0,0,0,0
776,som,Path Distance,0,112,[],0,0,0,0,0,0,0,0,0
777,kmeans,Path Distance,0,113,[],0,0,0,0,0,0,0,0,0
778,fuzzy_c_means,Path Distance,0,113,[],0,0,0,0,0,0,0,0,0
779,dbscan,Path Distance,0,113,[],0,0,0,0,0,0,0,0,0
780,hierarchical,Path Distance,0,113,[],0,0,0,0,0,0,0,0,0
781,spectral,Path Distance,0,113,[],0,0,0,0,0,0,0,0,0
782,gmm,Path Distance,0,113,[],0,0,0,0,0,0,0,0,0
783,som,Path Distance,0,113,[],0,0,0,0,0,0,0,0,0
784,kmeans,Path Distance,0,114,[],0,0,0,0,0,0,0,0,0
785,fuzzy_c_means,Path Distance,0,114,[],0,0,0,0,0,0,0,0,0
786,dbscan,Path Distance,0,114,[],0,0,0,0,0,0,0,0,0
787,hierarchical,Path Distance,0,114,[],0,0,0,0,0,0,0,0,0
788,spectral,Path Distance,0,114,[],0,0,0,0,0,0,0,0,0
789,gmm,Path Distance,0,114,[],0,0,0,0,0,0,0,0,0
790,som,Path Distance,0,114,[],0,0,0,0,0,0,0,0,0
791,kmeans,Path Distance,0,115,[],0,0,0,0,0,0,0,0,0
792,fuzzy_c_means,Path Distance,0,115,[],0,0,0,0,0,0,0,0,0
793,dbscan,Path Distance,0,115,[],0,0,0,0,0,0,0,0,0
794,hierarchical,Path Distance,0,115,[],0,0,0,0,0,0,0,0,0
795,spectral,Path Distance,0,115,[],0,0,0,0,0,0,0,0,0
796,gmm,Path Distance,0,115,[],0,0,0,0,0,0,0,0,0
797,som,Path Distance,0,115,[],0,0,0,0,0,0,0,0,0
798,kmeans,Path Distance,0,116,[],0,0,0,0,0,0,0,0,0
799,fuzzy_c_means,Path Distance,0,116,[],0,0,0,0,0,0,0,0,0
800,dbscan,Path Distance,0,116,[],0,0,0,0,0,0,0,0,0
801,hierarchical,Path Distance,0,116,[],0,0,0,0,0,0,0,0,0
802,spectral,Path Distance,0,116,[],0,0,0,0,0,0,0,0,0
803,gmm,Path Distance,0,116,[],0,0,0,0,0,0,0,0,0
804,som,Path Distance,0,116,[],0,0,0,0,0,0,0,0,0
805,kmeans,Path Distance,0,117,[],0,0,0,0,0,0,0,0,0
806,fuzzy_c_means,Path Distance,0,117,[],0,0,0,0,0,0,0,0,0
807,dbscan,Path Distance,0,117,[],0,0,0,0,0,0,0,0,0
808,hierarchical,Path Distance,0,117,[],0,0,0,0,0,0,0,0,0
809,spectral,Path Distance,0,117,[],0,0,0,0,0,0,0,0,0
810,gmm,Path Distance,0,117,[],0,0,0,0,0,0,0,0,0
811,som,Path Distance,0,117,[],0,0,0,0,0,0,0,0,0
812,kmeans,Path Distance,0,118,[],0,0,0,0,0,0,0,0,0
813,fuzzy_c_means,Path Distance,0,118,[],0,0,0,0,0,0,0,0,0
814,dbscan,Path Distance,0,118,[],0,0,0,0,0,0,0,0,0
815,hierarchical,Path Distance,0,118,[],0,0,0,0,0,0,0,0,0
816,spectral,Path Distance,0,118,[],0,0,0,0,0,0,0,0,0
817,gmm,Path Distance,0,118,[],0,0,0,0,0,0,0,0,0
818,som,Path Distance,0,118,[],0,0,0,0,0,0,0,0,0
819,kmeans,Path Distance,0,119,[],0,0,0,0,0,0,0,0,0
820,fuzzy_c_means,Path Distance,0,119,[],0,0,0,0,0,0,0,0,0
821,dbscan,Path Distance,0,119,[],0,0,0,0,0,0,0,0,0
822,hierarchical,Path Distance,0,119,[],0,0,0,0,0,0,0,0,0
823,spectral,Path Distance,0,119,[],0,0,0,0,0,0,0,0,0
824,gmm,Path Distance,0,119,[],0,0,0,0,0,0,0,0,0
825,som,Path Distance,0,119,[],0,0,0,0,0,0,0,0,0
826,kmeans,Path Distance,0,120,[],0,0,0,0,0,0,0,0,0
827,fuzzy_c_means,Path Distance,0,120,[],0,0,0,0,0,0,0,0,0
828,dbscan,Path Distance,0,120,[],0,0,0,0,0,0,0,0,0
829,hierarchical,Path Distance,0,120,[],0,0,0,0,0,0,0,0,0
830,spectral,Path Distance,0,120,[],0,0,0,0,0,0,0,0,0
831,gmm,Path Distance,0,120,[],0,0,0,0,0,0,0,0,0
832,som,Path Distance,0,120,[],0,0,0,0,0,0,0,0,0
833,kmeans,Path Distance,0,121,[],0,0,0,0,0,0,0,0,0
834,fuzzy_c_means,Path Distance,0,121,[],0,0,0,0,0,0,0,0,0
835,dbscan,Path Distance,0,121,[],0,0,0,0,0,0,0,0,0
836,hierarchical,Path Distance,0,121,[],0,0,0,0,0,0,0,0,0
837,spectral,Path Distance,0,121,[],0,0,0,0,0,0,0,0,0
838,gmm,Path Distance,0,121,[],0,0,0,0,0,0,0,0,0
839,som,Path Distance,0,121,[],0,0,0,0,0,0,0,0,0
840,kmeans,Path Distance,0,122,[],0,0,0,0,0,0,0,0,0
841,fuzzy_c_means,Path Distance,0,122,[],0,0,0,0,0,0,0,0,0
842,dbscan,Path Distance,0,122,[],0,0,0,0,0,0,0,0,0
843,hierarchical,Path Distance,0,122,[],0,0,0,0,0,0,0,0,0
844,spectral,Path Distance,0,122,[],0,0,0,0,0,0,0,0,0
845,gmm,Path Distance,0,122,[],0,0,0,0,0,0,0,0,0
846,som,Path Distance,0,122,[],0,0,0,0,0,0,0,0,0
847,kmeans,Path Distance,0,123,[],0,0,0,0,0,0,0,0,0
848,fuzzy_c_means,Path Distance,0,123,[],0,0,0,0,0,0,0,0,0
849,dbscan,Path Distance,0,123,[],0,0,0,0,0,0,0,0,0
850,hierarchical,Path Distance,0,123,[],0,0,0,0,0,0,0,0,0
851,spectral,Path Distance,0,123,[],0,0,0,0,0,0,0,0,0
852,gmm,Path Distance,0,123,[],0,0,0,0,0,0,0,0,0
853,som,Path Distance,0,123,[],0,0,0,0,0,0,0,0,0
854,kmeans,Path Distance,0,124,[],0,0,0,0,0,0,0,0,0
855,fuzzy_c_means,Path Distance,0,124,[],0,0,0,0,0,0,0,0,0
856,dbscan,Path Distance,0,124,[],0,0,0,0,0,0,0,0,0
857,hierarchical,Path Distance,0,124,[],0,0,0,0,0,0,0,0,0
858,spectral,Path Distance,0,124,[],0,0,0,0,0,0,0,0,0
859,gmm,Path Distance,0,124,[],0,0,0,0,0,0,0,0,0
860,som,Path Distance,0,124,[],0,0,0,0,0,0,0,0,0
861,kmeans,Path Distance,0,125,[],0,0,0,0,0,0,0,0,0
862,fuzzy_c_means,Path Distance,0,125,[],0,0,0,0,0,0,0,0,0
863,dbscan,Path Distance,0,125,[],0,0,0,0,0,0,0,0,0
864,hierarchical,Path Distance,0,125,[],0,0,0,0,0,0,0,0,0
865,spectral,Path Distance,0,125,[],0,0,0,0,0,0,0,0,0
866,gmm,Path Distance,0,125,[],0,0,0,0,0,0,0,0,0
867,som,Path Distance,0,125,[],0,0,0,0,0,0,0,0,0
868,kmeans,Path Distance,0,126,[],0,0,0,0,0,0,0,0,0
869,fuzzy_c_means,Path Distance,0,126,[],0,0,0,0,0,0,0,0,0
870,dbscan,Path Distance,0,126,[],0,0,0,0,0,0,0,0,0
871,hierarchical,Path Distance,0,126,[],0,0,0,0,0,0,0,0,0
872,spectral,Path Distance,0,126,[],0,0,0,0,0,0,0,0,0
873,gmm,Path Distance,0,126,[],0,0,0,0,0,0,0,0,0
874,som,Path Distance,0,126,[],0,0,0,0,0,0,0,0,0
875,kmeans,Path Distance,0,127,[],0,0,0,0,0,0,0,0,0
876,fuzzy_c_means,Path Distance,0,127,[],0,0,0,0,0,0,0,0,0
877,dbscan,Path Distance,0,127,[],0,0,0,0,0,0,0,0,0
878,hierarchical,Path Distance,0,127,[],0,0,0,0,0,0,0,0,0
879,spectral,Path Distance,0,127,[],0,0,0,0,0,0,0,0,0
880,gmm,Path Distance,0,127,[],0,0,0,0,0,0,0,0,0
881,som,Path Distance,0,127,[],0,0,0,0,0,0,0,0,0
882,kmeans,Path Distance,0,128,[],0,0,0,0,0,0,0,0,0
883,fuzzy_c_means,Path Distance,0,128,[],0,0,0,0,0,0,0,0,0
884,dbscan,Path Distance,0,128,[],0,0,0,0,0,0,0,0,0
885,hierarchical,Path Distance,0,128,[],0,0,0,0,0,0,0,0,0
886,spectral,Path Distance,0,128,[],0,0,0,0,0,0,0,0,0
887,gmm,Path Distance,0,128,[],0,0,0,0,0,0,0,0,0
888,som,Path Distance,0,128,[],0,0,0,0,0,0,0,0,0
889,kmeans,Path Distance,0,129,[],0,0,0,0,0,0,0,0,0
890,fuzzy_c_means,Path Distance,0,129,[],0,0,0,0,0,0,0,0,0
891,dbscan,Path Distance,0,129,[],0,0,0,0,0,0,0,0,0
892,hierarchical,Path Distance,0,129,[],0,0,0,0,0,0,0,0,0
893,spectral,Path Distance,0,129,[],0,0,0,0,0,0,0,0,0
894,gmm,Path Distance,0,129,[],0,0,0,0,0,0,0,0,0
895,som,Path Distance,0,129,[],0,0,0,0,0,0,0,0,0
896,kmeans,Path Distance,0,130,[],0,0,0,0,0,0,0,0,0
897,fuzzy_c_means,Path Distance,0,130,[],0,0,0,0,0,0,0,0,0
898,dbscan,Path Distance,0,130,[],0,0,0,0,0,0,0,0,0
899,hierarchical,Path Distance,0,130,[],0,0,0,0,0,0,0,0,0
900,spectral,Path Distance,0,130,[],0,0,0,0,0,0,0,0,0
901,gmm,Path Distance,0,130,[],0,0,0,0,0,0,0,0,0
902,som,Path Distance,0,130,[],0,0,0,0,0,0,0,0,0
903,kmeans,Path Distance,0,131,[],0,0,0,0,0,0,0,0,0
904,fuzzy_c_means,Path Distance,0,131,[],0,0,0,0,0,0,0,0,0
905,dbscan,Path Distance,0,131,[],0,0,0,0,0,0,0,0,0
906,hierarchical,Path Distance,0,131,[],0,0,0,0,0,0,0,0,0
907,spectral,Path Distance,0,131,[],0,0,0,0,0,0,0,0,0
908,gmm,Path Distance,0,131,[],0,0,0,0,0,0,0,0,0
909,som,Path Distance,0,131,[],0,0,0,0,0,0,0,0,0
910,kmeans,Path Distance,0,132,[],0,0,0,0,0,0,0,0,0
911,fuzzy_c_means,Path Distance,0,132,[],0,0,0,0,0,0,0,0,0
912,dbscan,Path Distance,0,132,[],0,0,0,0,0,0,0,0,0
913,hierarchical,Path Distance,0,132,[],0,0,0,0,0,0,0,0,0
914,spectral,Path Distance,0,132,[],0,0,0,0,0,0,0,0,0
915,gmm,Path Distance,0,132,[],0,0,0,0,0,0,0,0,0
916,som,Path Distance,0,132,[],0,0,0,0,0,0,0,0,0
917,kmeans,Path Distance,0,133,[],0,0,0,0,0,0,0,0,0
918,fuzzy_c_means,Path Distance,0,133,[],0,0,0,0,0,0,0,0,0
919,dbscan,Path Distance,0,133,[],0,0,0,0,0,0,0,0,0
920,hierarchical,Path Distance,0,133,[],0,0,0,0,0,0,0,0,0
921,spectral,Path Distance,0,133,[],0,0,0,0,0,0,0,0,0
922,gmm,Path Distance,0,133,[],0,0,0,0,0,0,0,0,0
923,som,Path Distance,0,133,[],0,0,0,0,0,0,0,0,0
924,kmeans,Path Distance,0,134,[],0,0,0,0,0,0,0,0,0
925,fuzzy_c_means,Path Distance,0,134,[],0,0,0,0,0,0,0,0,0
926,dbscan,Path Distance,0,134,[],0,0,0,0,0,0,0,0,0
927,hierarchical,Path Distance,0,134,[],0,0,0,0,0,0,0,0,0
928,spectral,Path Distance,0,134,[],0,0,0,0,0,0,0,0,0
929,gmm,Path Distance,0,134,[],0,0,0,0,0,0,0,0,0
930,som,Path Distance,0,134,[],0,0,0,0,0,0,0,0,0
931,kmeans,Path Distance,0,135,[],0,0,0,0,0,0,0,0,0
932,fuzzy_c_means,Path Distance,0,135,[],0,0,0,0,0,0,0,0,0
933,dbscan,Path Distance,0,135,[],0,0,0,0,0,0,0,0,0
934,hierarchical,Path Distance,0,135,[],0,0,0,0,0,0,0,0,0
935,spectral,Path Distance,0,135,[],0,0,0,0,0,0,0,0,0
936,gmm,Path Distance,0,135,[],0,0,0,0,0,0,0,0,0
937,som,Path Distance,0,135,[],0,0,0,0,0,0,0,0,0
938,kmeans,Path Distance,0,136,[],0,0,0,0,0,0,0,0,0
939,fuzzy_c_means,Path Distance,0,136,[],0,0,0,0,0,0,0,0,0
940,dbscan,Path Distance,0,136,[],0,0,0,0,0,0,0,0,0
941,hierarchical,Path Distance,0,136,[],0,0,0,0,0,0,0,0,0
942,spectral,Path Distance,0,136,[],0,0,0,0,0,0,0,0,0
943,gmm,Path Distance,0,136,[],0,0,0,0,0,0,0,0,0
944,som,Path Distance,0,136,[],0,0,0,0,0,0,0,0,0
945,kmeans,Path Distance,0,137,[],0,0,0,0,0,0,0,0,0
946,fuzzy_c_means,Path Distance,0,137,[],0,0,0,0,0,0,0,0,0
947,dbscan,Path Distance,0,137,[],0,0,0,0,0,0,0,0,0
948,hierarchical,Path Distance,0,137,[],0,0,0,0,0,0,0,0,0
949,spectral,Path Distance,0,137,[],0,0,0,0,0,0,0,0,0
950,gmm,Path Distance,0,137,[],0,0,0,0,0,0,0,0,0
951,som,Path Distance,0,137,[],0,0,0,0,0,0,0,0,0
952,kmeans,Path Distance,0,138,[],0,0,0,0,0,0,0,0,0
953,fuzzy_c_means,Path Distance,0,138,[],0,0,0,0,0,0,0,0,0
954,dbscan,Path Distance,0,138,[],0,0,0,0,0,0,0,0,0
955,hierarchical,Path Distance,0,138,[],0,0,0,0,0,0,0,0,0
956,spectral,Path Distance,0,138,[],0,0,0,0,0,0,0,0,0
957,gmm,Path Distance,0,138,[],0,0,0,0,0,0,0,0,0
958,som,Path Distance,0,138,[],0,0,0,0,0,0,0,0,0
959,kmeans,Path Distance,0,139,[],0,0,0,0,0,0,0,0,0
960,fuzzy_c_means,Path Distance,0,139,[],0,0,0,0,0,0,0,0,0
961,dbscan,Path Distance,0,139,[],0,0,0,0,0,0,0,0,0
962,hierarchical,Path Distance,0,139,[],0,0,0,0,0,0,0,0,0
963,spectral,Path Distance,0,139,[],0,0,0,0,0,0,0,0,0
964,gmm,Path Distance,0,139,[],0,0,0,0,0,0,0,0,0
965,som,Path Distance,0,139,[],0,0,0,0,0,0,0,0,0
966,kmeans,Path Distance,0,140,[],0,0,0,0,0,0,0,0,0
967,fuzzy_c_means,Path Distance,0,140,[],0,0,0,0,0,0,0,0,0
968,dbscan,Path Distance,0,140,[],0,0,0,0,0,0,0,0,0
969,hierarchical,Path Distance,0,140,[],0,0,0,0,0,0,0,0,0
970,spectral,Path Distance,0,140,[],0,0,0,0,0,0,0,0,0
971,gmm,Path Distance,0,140,[],0,0,0,0,0,0,0,0,0
972,som,Path Distance,0,140,[],0,0,0,0,0,0,0,0,0
973,kmeans,Path Distance,0,141,[],0,0,0,0,0,0,0,0,0
974,fuzzy_c_means,Path Distance,0,141,[],0,0,0,0,0,0,0,0,0
975,dbscan,Path Distance,0,141,[],0,0,0,0,0,0,0,0,0
976,hierarchical,Path Distance,0,141,[],0,0,0,0,0,0,0,0,0
977,spectral,Path Distance,0,141,[],0,0,0,0,0,0,0,0,0
978,gmm,Path Distance,0,141,[],0,0,0,0,0,0,0,0,0
979,som,Path Distance,0,141,[],0,0,0,0,0,0,0,0,0
980,kmeans,Path Distance,0,142,[],0,0,0,0,0,0,0,0,0
981,fuzzy_c_means,Path Distance,0,142,[],0,0,0,0,0,0,0,0,0
982,dbscan,Path Distance,0,142,[],0,0,0,0,0,0,0,0,0
983,hierarchical,Path Distance,0,142,[],0,0,0,0,0,0,0,0,0
984,spectral,Path Distance,0,142,[],0,0,0,0,0,0,0,0,0
985,gmm,Path Distance,0,142,[],0,0,0,0,0,0,0,0,0
986,som,Path Distance,0,142,[],0,0,0,0,0,0,0,0,0
987,kmeans,Path Distance,0,143,[],0,0,0,0,0,0,0,0,0
988,fuzzy_c_means,Path Distance,0,143,[],0,0,0,0,0,0,0,0,0
989,dbscan,Path Distance,0,143,[],0,0,0,0,0,0,0,0,0
990,hierarchical,Path Distance,0,143,[],0,0,0,0,0,0,0,0,0
991,spectral,Path Distance,0,143,[],0,0,0,0,0,0,0,0,0
992,gmm,Path Distance,0,143,[],0,0,0,0,0,0,0,0,0
993,som,Path Distance,0,143,[],0,0,0,0,0,0,0,0,0
994,kmeans,Path Distance,0,144,[],0,0,0,0,0,0,0,0,0
995,fuzzy_c_means,Path Distance,0,144,[],0,0,0,0,0,0,0,0,0
996,dbscan,Path Distance,0,144,[],0,0,0,0,0,0,0,0,0
997,hierarchical,Path Distance,0,144,[],0,0,0,0,0,0,0,0,0
998,spectral,Path Distance,0,144,[],0,0,0,0,0,0,0,0,0
999,gmm,Path Distance,0,144,[],0,0,0,0,0,0,0,0,0
1000,som,Path Distance,0,144,[],0,0,0,0,0,0,0,0,0
1001,kmeans,Path Distance,0,145,[],0,0,0,0,0,0,0,0,0
1002,fuzzy_c_means,Path Distance,0,145,[],0,0,0,0,0,0,0,0,0
1003,dbscan,Path Distance,0,145,[],0,0,0,0,0,0,0,0,0
1004,hierarchical,Path Distance,0,145,[],0,0,0,0,0,0,0,0,0
1005,spectral,Path Distance,0,145,[],0,0,0,0,0,0,0,0,0
1006,gmm,Path Distance,0,145,[],0,0,0,0,0,0,0,0,0
1007,som,Path Distance,0,145,[],0,0,0,0,0,0,0,0,0
1008,kmeans,Path Distance,0,146,[],0,0,0,0,0,0,0,0,0
1009,fuzzy_c_means,Path Distance,0,146,[],0,0,0,0,0,0,0,0,0
1010,dbscan,Path Distance,0,146,[],0,0,0,0,0,0,0,0,0
1011,hierarchical,Path Distance,0,146,[],0,0,0,0,0,0,0,0,0
1012,spectral,Path Distance,0,146,[],0,0,0,0,0,0,0,0,0
1013,gmm,Path Distance,0,146,[],0,0,0,0,0,0,0,0,0
1014,som,Path Distance,0,146,[],0,0,0,0,0,0,0,0,0
1015,kmeans,Path Distance,0,147,[],0,0,0,0,0,0,0,0,0
1016,fuzzy_c_means,Path Distance,0,147,[],0,0,0,0,0,0,0,0,0
1017,dbscan,Path Distance,0,147,[],0,0,0,0,0,0,0,0,0
1018,hierarchical,Path Distance,0,147,[],0,0,0,0,0,0,0,0,0
1019,spectral,Path Distance,0,147,[],0,0,0,0,0,0,0,0,0
1020,gmm,Path Distance,0,147,[],0,0,0,0,0,0,0,0,0
1021,som,Path Distance,0,147,[],0,0,0,0,0,0,0,0,0
1022,kmeans,Path Distance,0,148,[],0,0,0,0,0,0,0,0,0
1023,fuzzy_c_means,Path Distance,0,148,[],0,0,0,0,0,0,0,0,0
1024,dbscan,Path Distance,0,148,[],0,0,0,0,0,0,0,0,0
1025,hierarchical,Path Distance,0,148,[],0,0,0,0,0,0,0,0,0
1026,spectral,Path Distance,0,148,[],0,0,0,0,0,0,0,0,0
1027,gmm,Path Distance,0,148,[],0,0,0,0,0,0,0,0,0
1028,som,Path Distance,0,148,[],0,0,0,0,0,0,0,0,0
1029,kmeans,Path Distance,0,149,[],0,0,0,0,0,0,0,0,0
1030,fuzzy_c_means,Path Distance,0,149,[],0,0,0,0,0,0,0,0,0
1031,dbscan,Path Distance,0,149,[],0,0,0,0,0,0,0,0,0
1032,hierarchical,Path Distance,0,149,[],0,0,0,0,0,0,0,0,0
1033,spectral,Path Distance,0,149,[],0,0,0,0,0,0,0,0,0
1034,gmm,Path Distance,0,149,[],0,0,0,0,0,0,0,0,0
1035,som,Path Distance,0,149,[],0,0,0,0,0,0,0,0,0
1036,kmeans,Path Distance,0,150,[],0,0,0,0,0,0,0,0,0
1037,fuzzy_c_means,Path Distance,0,150,[],0,0,0,0,0,0,0,0,0
1038,dbscan,Path Distance,0,150,[],0,0,0,0,0,0,0,0,0
1039,hierarchical,Path Distance,0,150,[],0,0,0,0,0,0,0,0,0
1040,spectral,Path Distance,0,150,[],0,0,0,0,0,0,0,0,0
1041,gmm,Path Distance,0,150,[],0,0,0,0,0,0,0,0,0
1042,som,Path Distance,0,150,[],0,0,0,0,0,0,0,0,0
1043,kmeans,Path Distance,0,151,[],0,0,0,0,0,0,0,0,0
1044,fuzzy_c_means,Path Distance,0,151,[],0,0,0,0,0,0,0,0,0
1045,dbscan,Path Distance,0,151,[],0,0,0,0,0,0,0,0,0
1046,hierarchical,Path Distance,0,151,[],0,0,0,0,0,0,0,0,0
1047,spectral,Path Distance,0,151,[],0,0,0,0,0,0,0,0,0
1048,gmm,Path Distance,0,151,[],0,0,0,0,0,0,0,0,0
1049,som,Path Distance,0,151,[],0,0,0,0,0,0,0,0,0
1050,kmeans,Path Distance,0,152,[],0,0,0,0,0,0,0,0,0
1051,fuzzy_c_means,Path Distance,0,152,[],0,0,0,0,0,0,0,0,0
1052,dbscan,Path Distance,0,152,[],0,0,0,0,0,0,0,0,0
1053,hierarchical,Path Distance,0,152,[],0,0,0,0,0,0,0,0,0
1054,spectral,Path Distance,0,152,[],0,0,0,0,0,0,0,0,0
1055,gmm,Path Distance,0,152,[],0,0,0,0,0,0,0,0,0
1056,som,Path Distance,0,152,[],0,0,0,0,0,0,0,0,0
1057,kmeans,Path Distance,0,153,[],0,0,0,0,0,0,0,0,0
1058,fuzzy_c_means,Path Distance,0,153,[],0,0,0,0,0,0,0,0,0
1059,dbscan,Path Distance,0,153,[],0,0,0,0,0,0,0,0,0
1060,hierarchical,Path Distance,0,153,[],0,0,0,0,0,0,0,0,0
1061,spectral,Path Distance,0,153,[],0,0,0,0,0,0,0,0,0
1062,gmm,Path Distance,0,153,[],0,0,0,0,0,0,0,0,0
1063,som,Path Distance,0,153,[],0,0,0,0,0,0,0,0,0
1064,kmeans,Path Distance,0,154,[],0,0,0,0,0,0,0,0,0
1065,fuzzy_c_means,Path Distance,0,154,[],0,0,0,0,0,0,0,0,0
1066,dbscan,Path Distance,0,154,[],0,0,0,0,0,0,0,0,0
1067,hierarchical,Path Distance,0,154,[],0,0,0,0,0,0,0,0,0
1068,spectral,Path Distance,0,154,[],0,0,0,0,0,0,0,0,0
1069,gmm,Path Distance,0,154,[],0,0,0,0,0,0,0,0,0
1070,som,Path Distance,0,154,[],0,0,0,0,0,0,0,0,0
1071,kmeans,Path Distance,0,155,[],0,0,0,0,0,0,0,0,0
1072,fuzzy_c_means,Path Distance,0,155,[],0,0,0,0,0,0,0,0,0
1073,dbscan,Path Distance,0,155,[],0,0,0,0,0,0,0,0,0
1074,hierarchical,Path Distance,0,155,[],0,0,0,0,0,0,0,0,0
1075,spectral,Path Distance,0,155,[],0,0,0,0,0,0,0,0,0
1076,gmm,Path Distance,0,155,[],0,0,0,0,0,0,0,0,0
1077,som,Path Distance,0,155,[],0,0,0,0,0,0,0,0,0
1078,kmeans,Path Distance,0,156,[],0,0,0,0,0,0,0,0,0
1079,fuzzy_c_means,Path Distance,0,156,[],0,0,0,0,0,0,0,0,0
1080,dbscan,Path Distance,0,156,[],0,0,0,0,0,0,0,0,0
1081,hierarchical,Path Distance,0,156,[],0,0,0,0,0,0,0,0,0
1082,spectral,Path Distance,0,156,[],0,0,0,0,0,0,0,0,0
1083,gmm,Path Distance,0,156,[],0,0,0,0,0,0,0,0,0
1084,som,Path Distance,0,156,[],0,0,0,0,0,0,0,0,0
1085,kmeans,Path Distance,0,157,[],0,0,0,0,0,0,0,0,0
1086,fuzzy_c_means,Path Distance,0,157,[],0,0,0,0,0,0,0,0,0
1087,dbscan,Path Distance,0,157,[],0,0,0,0,0,0,0,0,0
1088,hierarchical,Path Distance,0,157,[],0,0,0,0,0,0,0,0,0
1089,spectral,Path Distance,0,157,[],0,0,0,0,0,0,0,0,0
1090,gmm,Path Distance,0,157,[],0,0,0,0,0,0,0,0,0
1091,som,Path Distance,0,157,[],0,0,0,0,0,0,0,0,0
1092,kmeans,Path Distance,0,158,[],0,0,0,0,0,0,0,0,0
1093,fuzzy_c_means,Path Distance,0,158,[],0,0,0,0,0,0,0,0,0
1094,dbscan,Path Distance,0,158,[],0,0,0,0,0,0,0,0,0
1095,hierarchical,Path Distance,0,158,[],0,0,0,0,0,0,0,0,0
1096,spectral,Path Distance,0,158,[],0,0,0,0,0,0,0,0,0
1097,gmm,Path Distance,0,158,[],0,0,0,0,0,0,0,0,0
1098,som,Path Distance,0,158,[],0,0,0,0,0,0,0,0,0
1099,kmeans,Path Distance,0,159,[],0,0,0,0,0,0,0,0,0
1100,fuzzy_c_means,Path Distance,0,159,[],0,0,0,0,0,0,0,0,0
1101,dbscan,Path Distance,0,159,[],0,0,0,0,0,0,0,0,0
1102,hierarchical,Path Distance,0,159,[],0,0,0,0,0,0,0,0,0
1103,spectral,Path Distance,0,159,[],0,0,0,0,0,0,0,0,0
1104,gmm,Path Distance,0,159,[],0,0,0,0,0,0,0,0,0
1105,som,Path Distance,0,159,[],0,0,0,0,0,0,0,0,0
1106,kmeans,Path Distance,0,160,[],0,0,0,0,0,0,0,0,0
1107,fuzzy_c_means,Path Distance,0,160,[],0,0,0,0,0,0,0,0,0
1108,dbscan,Path Distance,0,160,[],0,0,0,0,0,0,0,0,0
1109,hierarchical,Path Distance,0,160,[],0,0,0,0,0,0,0,0,0
1110,spectral,Path Distance,0,160,[],0,0,0,0,0,0,0,0,0
1111,gmm,Path Distance,0,160,[],0,0,0,0,0,0,0,0,0
1112,som,Path Distance,0,160,[],0,0,0,0,0,0,0,0,0
1113,kmeans,Path Distance,0,161,[],0,0,0,0,0,0,0,0,0
1114,fuzzy_c_means,Path Distance,0,161,[],0,0,0,0,0,0,0,0,0
1115,dbscan,Path Distance,0,161,[],0,0,0,0,0,0,0,0,0
1116,hierarchical,Path Distance,0,161,[],0,0,0,0,0,0,0,0,0
1117,spectral,Path Distance,0,161,[],0,0,0,0,0,0,0,0,0
1118,gmm,Path Distance,0,161,[],0,0,0,0,0,0,0,0,0
1119,som,Path Distance,0,161,[],0,0,0,0,0,0,0,0,0
1120,kmeans,Path Distance,0,162,[],0,0,0,0,0,0,0,0,0
1121,fuzzy_c_means,Path Distance,0,162,[],0,0,0,0,0,0,0,0,0
1122,dbscan,Path Distance,0,162,[],0,0,0,0,0,0,0,0,0
1123,hierarchical,Path Distance,0,162,[],0,0,0,0,0,0,0,0,0
1124,spectral,Path Distance,0,162,[],0,0,0,0,0,0,0,0,0
1125,gmm,Path Distance,0,162,[],0,0,0,0,0,0,0,0,0
1126,som,Path Distance,0,162,[],0,0,0,0,0,0,0,0,0
1127,kmeans,Path Distance,0,163,[],0,0,0,0,0,0,0,0,0
1128,fuzzy_c_means,Path Distance,0,163,[],0,0,0,0,0,0,0,0,0
1129,dbscan,Path Distance,0,163,[],0,0,0,0,0,0,0,0,0
1130,hierarchical,Path Distance,0,163,[],0,0,0,0,0,0,0,0,0
1131,spectral,Path Distance,0,163,[],0,0,0,0,0,0,0,0,0
1132,gmm,Path Distance,0,163,[],0,0,0,0,0,0,0,0,0
1133,som,Path Distance,0,163,[],0,0,0,0,0,0,0,0,0
1134,kmeans,Path Distance,0,164,[],0,0,0,0,0,0,0,0,0
1135,fuzzy_c_means,Path Distance,0,164,[],0,0,0,0,0,0,0,0,0
1136,dbscan,Path Distance,0,164,[],0,0,0,0,0,0,0,0,0
1137,hierarchical,Path Distance,0,164,[],0,0,0,0,0,0,0,0,0
1138,spectral,Path Distance,0,164,[],0,0,0,0,0,0,0,0,0
1139,gmm,Path Distance,0,164,[],0,0,0,0,0,0,0,0,0
1140,som,Path Distance,0,164,[],0,0,0,0,0,0,0,0,0
1141,kmeans,Path Distance,0,165,[],0,0,0,0,0,0,0,0,0
1142,fuzzy_c_means,Path Distance,0,165,[],0,0,0,0,0,0,0,0,0
1143,dbscan,Path Distance,0,165,[],0,0,0,0,0,0,0,0,0
1144,hierarchical,Path Distance,0,165,[],0,0,0,0,0,0,0,0,0
1145,spectral,Path Distance,0,165,[],0,0,0,0,0,0,0,0,0
1146,gmm,Path Distance,0,165,[],0,0,0,0,0,0,0,0,0
1147,som,Path Distance,0,165,[],0,0,0,0,0,0,0,0,0
1148,kmeans,Path Distance,0,166,[],0,0,0,0,0,0,0,0,0
1149,fuzzy_c_means,Path Distance,0,166,[],0,0,0,0,0,0,0,0,0
1150,dbscan,Path Distance,0,166,[],0,0,0,0,0,0,0,0,0
1151,hierarchical,Path Distance,0,166,[],0,0,0,0,0,0,0,0,0
1152,spectral,Path Distance,0,166,[],0,0,0,0,0,0,0,0,0
1153,gmm,Path Distance,0,166,[],0,0,0,0,0,0,0,0,0
1154,som,Path Distance,0,166,[],0,0,0,0,0,0,0,0,0
1155,kmeans,Path Distance,0,167,[],0,0,0,0,0,0,0,0,0
1156,fuzzy_c_means,Path Distance,0,167,[],0,0,0,0,0,0,0,0,0
1157,dbscan,Path Distance,0,167,[],0,0,0,0,0,0,0,0,0
1158,hierarchical,Path Distance,0,167,[],0,0,0,0,0,0,0,0,0
1159,spectral,Path Distance,0,167,[],0,0,0,0,0,0,0,0,0
1160,gmm,Path Distance,0,167,[],0,0,0,0,0,0,0,0,0
1161,som,Path Distance,0,167,[],0,0,0,0,0,0,0,0,0
1162,kmeans,Path Distance,0,168,[],0,0,0,0,0,0,0,0,0
1163,fuzzy_c_means,Path Distance,0,168,[],0,0,0,0,0,0,0,0,0
1164,dbscan,Path Distance,0,168,[],0,0,0,0,0,0,0,0,0
1165,hierarchical,Path Distance,0,168,[],0,0,0,0,0,0,0,0,0
1166,spectral,Path Distance,0,168,[],0,0,0,0,0,0,0,0,0
1167,gmm,Path Distance,0,168,[],0,0,0,0,0,0,0,0,0
1168,som,Path Distance,0,168,[],0,0,0,0,0,0,0,0,0
1169,kmeans,Path Distance,0,169,[],0,0,0,0,0,0,0,0,0
1170,fuzzy_c_means,Path Distance,0,169,[],0,0,0,0,0,0,0,0,0
1171,dbscan,Path Distance,0,169,[],0,0,0,0,0,0,0,0,0
1172,hierarchical,Path Distance,0,169,[],0,0,0,0,0,0,0,0,0
1173,spectral,Path Distance,0,169,[],0,0,0,0,0,0,0,0,0
1174,gmm,Path Distance,0,169,[],0,0,0,0,0,0,0,0,0
1175,som,Path Distance,0,169,[],0,0,0,0,0,0,0,0,0
1176,kmeans,Path Distance,0,170,[],0,0,0,0,0,0,0,0,0
1177,fuzzy_c_means,Path Distance,0,170,[],0,0,0,0,0,0,0,0,0
1178,dbscan,Path Distance,0,170,[],0,0,0,0,0,0,0,0,0
1179,hierarchical,Path Distance,0,170,[],0,0,0,0,0,0,0,0,0
1180,spectral,Path Distance,0,170,[],0,0,0,0,0,0,0,0,0
1181,gmm,Path Distance,0,170,[],0,0,0,0,0,0,0,0,0
1182,som,Path Distance,0,170,[],0,0,0,0,0,0,0,0,0
1183,kmeans,Path Distance,0,171,[],0,0,0,0,0,0,0,0,0
1184,fuzzy_c_means,Path Distance,0,171,[],0,0,0,0,0,0,0,0,0
1185,dbscan,Path Distance,0,171,[],0,0,0,0,0,0,0,0,0
1186,hierarchical,Path Distance,0,171,[],0,0,0,0,0,0,0,0,0
1187,spectral,Path Distance,0,171,[],0,0,0,0,0,0,0,0,0
1188,gmm,Path Distance,0,171,[],0,0,0,0,0,0,0,0,0
1189,som,Path Distance,0,171,[],0,0,0,0,0,0,0,0,0
1190,kmeans,Path Distance,0,172,[],0,0,0,0,0,0,0,0,0
1191,fuzzy_c_means,Path Distance,0,172,[],0,0,0,0,0,0,0,0,0
1192,dbscan,Path Distance,0,172,[],0,0,0,0,0,0,0,0,0
1193,hierarchical,Path Distance,0,172,[],0,0,0,0,0,0,0,0,0
1194,spectral,Path Distance,0,172,[],0,0,0,0,0,0,0,0,0
1195,gmm,Path Distance,0,172,[],0,0,0,0,0,0,0,0,0
1196,som,Path Distance,0,172,[],0,0,0,0,0,0,0,0,0
1197,kmeans,Path Distance,0,173,[],0,0,0,0,0,0,0,0,0
1198,fuzzy_c_means,Path Distance,0,173,[],0,0,0,0,0,0,0,0,0
1199,dbscan,Path Distance,0,173,[],0,0,0,0,0,0,0,0,0
1200,hierarchical,Path Distance,0,173,[],0,0,0,0,0,0,0,0,0
1201,spectral,Path Distance,0,173,[],0,0,0,0,0,0,0,0,0
1202,gmm,Path Distance,0,173,[],0,0,0,0,0,0,0,0,0
1203,som,Path Distance,0,173,[],0,0,0,0,0,0,0,0,0
1204,kmeans,Path Distance,0,174,[],0,0,0,0,0,0,0,0,0
1205,fuzzy_c_means,Path Distance,0,174,[],0,0,0,0,0,0,0,0,0
1206,dbscan,Path Distance,0,174,[],0,0,0,0,0,0,0,0,0
1207,hierarchical,Path Distance,0,174,[],0,0,0,0,0,0,0,0,0
1208,spectral,Path Distance,0,174,[],0,0,0,0,0,0,0,0,0
1209,gmm,Path Distance,0,174,[],0,0,0,0,0,0,0,0,0
1210,som,Path Distance,0,174,[],0,0,0,0,0,0,0,0,0
1211,kmeans,Path Distance,0,175,[],0,0,0,0,0,0,0,0,0
1212,fuzzy_c_means,Path Distance,0,175,[],0,0,0,0,0,0,0,0,0
1213,dbscan,Path Distance,0,175,[],0,0,0,0,0,0,0,0,0
1214,hierarchical,Path Distance,0,175,[],0,0,0,0,0,0,0,0,0
1215,spectral,Path Distance,0,175,[],0,0,0,0,0,0,0,0,0
1216,gmm,Path Distance,0,175,[],0,0,0,0,0,0,0,0,0
1217,som,Path Distance,0,175,[],0,0,0,0,0,0,0,0,0
1218,kmeans,Path Distance,0,176,[],0,0,0,0,0,0,0,0,0
1219,fuzzy_c_means,Path Distance,0,176,[],0,0,0,0,0,0,0,0,0
1220,dbscan,Path Distance,0,176,[],0,0,0,0,0,0,0,0,0
1221,hierarchical,Path Distance,0,176,[],0,0,0,0,0,0,0,0,0
1222,spectral,Path Distance,0,176,[],0,0,0,0,0,0,0,0,0
1223,gmm,Path Distance,0,176,[],0,0,0,0,0,0,0,0,0
1224,som,Path Distance,0,176,[],0,0,0,0,0,0,0,0,0
1225,kmeans,Path Distance,0,177,[],0,0,0,0,0,0,0,0,0
1226,fuzzy_c_means,Path Distance,0,177,[],0,0,0,0,0,0,0,0,0
1227,dbscan,Path Distance,0,177,[],0,0,0,0,0,0,0,0,0
1228,hierarchical,Path Distance,0,177,[],0,0,0,0,0,0,0,0,0
1229,spectral,Path Distance,0,177,[],0,0,0,0,0,0,0,0,0
1230,gmm,Path Distance,0,177,[],0,0,0,0,0,0,0,0,0
1231,som,Path Distance,0,177,[],0,0,0,0,0,0,0,0,0
1232,kmeans,Path Distance,0,178,[],0,0,0,0,0,0,0,0,0
1233,fuzzy_c_means,Path Distance,0,178,[],0,0,0,0,0,0,0,0,0
1234,dbscan,Path Distance,0,178,[],0,0,0,0,0,0,0,0,0
1235,hierarchical,Path Distance,0,178,[],0,0,0,0,0,0,0,0,0
1236,spectral,Path Distance,0,178,[],0,0,0,0,0,0,0,0,0
1237,gmm,Path Distance,0,178,[],0,0,0,0,0,0,0,0,0
1238,som,Path Distance,0,178,[],0,0,0,0,0,0,0,0,0
1239,kmeans,Path Distance,0,179,[],0,0,0,0,0,0,0,0,0
1240,fuzzy_c_means,Path Distance,0,179,[],0,0,0,0,0,0,0,0,0
1241,dbscan,Path Distance,0,179,[],0,0,0,0,0,0,0,0,0
1242,hierarchical,Path Distance,0,179,[],0,0,0,0,0,0,0,0,0
1243,spectral,Path Distance,0,179,[],0,0,0,0,0,0,0,0,0
1244,gmm,Path Distance,0,179,[],0,0,0,0,0,0,0,0,0
1245,som,Path Distance,0,179,[],0,0,0,0,0,0,0,0,0
1246,kmeans,Path Distance,0,180,[],0,0,0,0,0,0,0,0,0
1247,fuzzy_c_means,Path Distance,0,180,[],0,0,0,0,0,0,0,0,0
1248,dbscan,Path Distance,0,180,[],0,0,0,0,0,0,0,0,0
1249,hierarchical,Path Distance,0,180,[],0,0,0,0,0,0,0,0,0
1250,spectral,Path Distance,0,180,[],0,0,0,0,0,0,0,0,0
1251,gmm,Path Distance,0,180,[],0,0,0,0,0,0,0,0,0
1252,som,Path Distance,0,180,[],0,0,0,0,0,0,0,0,0
1253,kmeans,Path Distance,0,181,[],0,0,0,0,0,0,0,0,0
1254,fuzzy_c_means,Path Distance,0,181,[],0,0,0,0,0,0,0,0,0
1255,dbscan,Path Distance,0,181,[],0,0,0,0,0,0,0,0,0
1256,hierarchical,Path Distance,0,181,[],0,0,0,0,0,0,0,0,0
1257,spectral,Path Distance,0,181,[],0,0,0,0,0,0,0,0,0
1258,gmm,Path Distance,0,181,[],0,0,0,0,0,0,0,0,0
1259,som,Path Distance,0,181,[],0,0,0,0,0,0,0,0,0
1260,kmeans,Path Distance,0,182,[],0,0,0,0,0,0,0,0,0
1261,fuzzy_c_means,Path Distance,0,182,[],0,0,0,0,0,0,0,0,0
1262,dbscan,Path Distance,0,182,[],0,0,0,0,0,0,0,0,0
1263,hierarchical,Path Distance,0,182,[],0,0,0,0,0,0,0,0,0
1264,spectral,Path Distance,0,182,[],0,0,0,0,0,0,0,0,0
1265,gmm,Path Distance,0,182,[],0,0,0,0,0,0,0,0,0
1266,som,Path Distance,0,182,[],0,0,0,0,0,0,0,0,0
1267,kmeans,Path Distance,0,183,[],0,0,0,0,0,0,0,0,0
1268,fuzzy_c_means,Path Distance,0,183,[],0,0,0,0,0,0,0,0,0
1269,dbscan,Path Distance,0,183,[],0,0,0,0,0,0,0,0,0
1270,hierarchical,Path Distance,0,183,[],0,0,0,0,0,0,0,0,0
1271,spectral,Path Distance,0,183,[],0,0,0,0,0,0,0,0,0
1272,gmm,Path Distance,0,183,[],0,0,0,0,0,0,0,0,0
1273,som,Path Distance,0,183,[],0,0,0,0,0,0,0,0,0
1274,kmeans,Path Distance,0,184,[],0,0,0,0,0,0,0,0,0
1275,fuzzy_c_means,Path Distance,0,184,[],0,0,0,0,0,0,0,0,0
1276,dbscan,Path Distance,0,184,[],0,0,0,0,0,0,0,0,0
1277,hierarchical,Path Distance,0,184,[],0,0,0,0,0,0,0,0,0
1278,spectral,Path Distance,0,184,[],0,0,0,0,0,0,0,0,0
1279,gmm,Path Distance,0,184,[],0,0,0,0,0,0,0,0,0
1280,som,Path Distance,0,184,[],0,0,0,0,0,0,0,0,0
1281,kmeans,Path Distance,0,185,[],0,0,0,0,0,0,0,0,0
1282,fuzzy_c_means,Path Distance,0,185,[],0,0,0,0,0,0,0,0,0
1283,dbscan,Path Distance,0,185,[],0,0,0,0,0,0,0,0,0
1284,hierarchical,Path Distance,0,185,[],0,0,0,0,0,0,0,0,0
1285,spectral,Path Distance,0,185,[],0,0,0,0,0,0,0,0,0
1286,gmm,Path Distance,0,185,[],0,0,0,0,0,0,0,0,0
1287,som,Path Distance,0,185,[],0,0,0,0,0,0,0,0,0
1288,kmeans,Path Distance,0,186,[],0,0,0,0,0,0,0,0,0
1289,fuzzy_c_means,Path Distance,0,186,[],0,0,0,0,0,0,0,0,0
1290,dbscan,Path Distance,0,186,[],0,0,0,0,0,0,0,0,0
1291,hierarchical,Path Distance,0,186,[],0,0,0,0,0,0,0,0,0
1292,spectral,Path Distance,0,186,[],0,0,0,0,0,0,0,0,0
1293,gmm,Path Distance,0,186,[],0,0,0,0,0,0,0,0,0
1294,som,Path Distance,0,186,[],0,0,0,0,0,0,0,0,0
1295,kmeans,Path Distance,0,187,[],0,0,0,0,0,0,0,0,0
1296,fuzzy_c_means,Path Distance,0,187,[],0,0,0,0,0,0,0,0,0
1297,dbscan,Path Distance,0,187,[],0,0,0,0,0,0,0,0,0
1298,hierarchical,Path Distance,0,187,[],0,0,0,0,0,0,0,0,0
1299,spectral,Path Distance,0,187,[],0,0,0,0,0,0,0,0,0
1300,gmm,Path Distance,0,187,[],0,0,0,0,0,0,0,0,0
1301,som,Path Distance,0,187,[],0,0,0,0,0,0,0,0,0
1302,kmeans,Path Distance,0,188,[],0,0,0,0,0,0,0,0,0
1303,fuzzy_c_means,Path Distance,0,188,[],0,0,0,0,0,0,0,0,0
1304,dbscan,Path Distance,0,188,[],0,0,0,0,0,0,0,0,0
1305,hierarchical,Path Distance,0,188,[],0,0,0,0,0,0,0,0,0
1306,spectral,Path Distance,0,188,[],0,0,0,0,0,0,0,0,0
1307,gmm,Path Distance,0,188,[],0,0,0,0,0,0,0,0,0
1308,som,Path Distance,0,188,[],0,0,0,0,0,0,0,0,0
1309,kmeans,Path Distance,0,189,[],0,0,0,0,0,0,0,0,0
1310,fuzzy_c_means,Path Distance,0,189,[],0,0,0,0,0,0,0,0,0
1311,dbscan,Path Distance,0,189,[],0,0,0,0,0,0,0,0,0
1312,hierarchical,Path Distance,0,189,[],0,0,0,0,0,0,0,0,0
1313,spectral,Path Distance,0,189,[],0,0,0,0,0,0,0,0,0
1314,gmm,Path Distance,0,189,[],0,0,0,0,0,0,0,0,0
1315,som,Path Distance,0,189,[],0,0,0,0,0,0,0,0,0
1316,kmeans,Path Distance,0,190,[],0,0,0,0,0,0,0,0,0
1317,fuzzy_c_means,Path Distance,0,190,[],0,0,0,0,0,0,0,0,0
1318,dbscan,Path Distance,0,190,[],0,0,0,0,0,0,0,0,0
1319,hierarchical,Path Distance,0,190,[],0,0,0,0,0,0,0,0,0
1320,spectral,Path Distance,0,190,[],0,0,0,0,0,0,0,0,0
1321,gmm,Path Distance,0,190,[],0,0,0,0,0,0,0,0,0
1322,som,Path Distance,0,190,[],0,0,0,0,0,0,0,0,0
1323,kmeans,Path Distance,0,191,[],0,0,0,0,0,0,0,0,0
1324,fuzzy_c_means,Path Distance,0,191,[],0,0,0,0,0,0,0,0,0
1325,dbscan,Path Distance,0,191,[],0,0,0,0,0,0,0,0,0
1326,hierarchical,Path Distance,0,191,[],0,0,0,0,0,0,0,0,0
1327,spectral,Path Distance,0,191,[],0,0,0,0,0,0,0,0,0
1328,gmm,Path Distance,0,191,[],0,0,0,0,0,0,0,0,0
1329,som,Path Distance,0,191,[],0,0,0,0,0,0,0,0,0
1330,kmeans,Path Distance,0,192,[],0,0,0,0,0,0,0,0,0
1331,fuzzy_c_means,Path Distance,0,192,[],0,0,0,0,0,0,0,0,0
1332,dbscan,Path Distance,0,192,[],0,0,0,0,0,0,0,0,0
1333,hierarchical,Path Distance,0,192,[],0,0,0,0,0,0,0,0,0
1334,spectral,Path Distance,0,192,[],0,0,0,0,0,0,0,0,0
1335,gmm,Path Distance,0,192,[],0,0,0,0,0,0,0,0,0
1336,som,Path Distance,0,192,[],0,0,0,0,0,0,0,0,0
1337,kmeans,Path Distance,0,193,[],0,0,0,0,0,0,0,0,0
1338,fuzzy_c_means,Path Distance,0,193,[],0,0,0,0,0,0,0,0,0
1339,dbscan,Path Distance,0,193,[],0,0,0,0,0,0,0,0,0
1340,hierarchical,Path Distance,0,193,[],0,0,0,0,0,0,0,0,0
1341,spectral,Path Distance,0,193,[],0,0,0,0,0,0,0,0,0
1342,gmm,Path Distance,0,193,[],0,0,0,0,0,0,0,0,0
1343,som,Path Distance,0,193,[],0,0,0,0,0,0,0,0,0
1344,kmeans,Path Distance,0,194,[],0,0,0,0,0,0,0,0,0
1345,fuzzy_c_means,Path Distance,0,194,[],0,0,0,0,0,0,0,0,0
1346,dbscan,Path Distance,0,194,[],0,0,0,0,0,0,0,0,0
1347,hierarchical,Path Distance,0,194,[],0,0,0,0,0,0,0,0,0
1348,spectral,Path Distance,0,194,[],0,0,0,0,0,0,0,0,0
1349,gmm,Path Distance,0,194,[],0,0,0,0,0,0,0,0,0
1350,som,Path Distance,0,194,[],0,0,0,0,0,0,0,0,0
1351,kmeans,Path Distance,0,195,[],0,0,0,0,0,0,0,0,0
1352,fuzzy_c_means,Path Distance,0,195,[],0,0,0,0,0,0,0,0,0
1353,dbscan,Path Distance,0,195,[],0,0,0,0,0,0,0,0,0
1354,hierarchical,Path Distance,0,195,[],0,0,0,0,0,0,0,0,0
1355,spectral,Path Distance,0,195,[],0,0,0,0,0,0,0,0,0
1356,gmm,Path Distance,0,195,[],0,0,0,0,0,0,0,0,0
1357,som,Path Distance,0,195,[],0,0,0,0,0,0,0,0,0
1358,kmeans,Path Distance,0,196,[],0,0,0,0,0,0,0,0,0
1359,fuzzy_c_means,Path Distance,0,196,[],0,0,0,0,0,0,0,0,0
1360,dbscan,Path Distance,0,196,[],0,0,0,0,0,0,0,0,0
1361,hierarchical,Path Distance,0,196,[],0,0,0,0,0,0,0,0,0
1362,spectral,Path Distance,0,196,[],0,0,0,0,0,0,0,0,0
1363,gmm,Path Distance,0,196,[],0,0,0,0,0,0,0,0,0
1364,som,Path Distance,0,196,[],0,0,0,0,0,0,0,0,0
1365,kmeans,Path Distance,0,197,[],0,0,0,0,0,0,0,0,0
1366,fuzzy_c_means,Path Distance,0,197,[],0,0,0,0,0,0,0,0,0
1367,dbscan,Path Distance,0,197,[],0,0,0,0,0,0,0,0,0
1368,hierarchical,Path Distance,0,197,[],0,0,0,0,0,0,0,0,0
1369,spectral,Path Distance,0,197,[],0,0,0,0,0,0,0,0,0
1370,gmm,Path Distance,0,197,[],0,0,0,0,0,0,0,0,0
1371,som,Path Distance,0,197,[],0,0,0,0,0,0,0,0,0
1372,kmeans,Path Distance,0,198,[],0,0,0,0,0,0,0,0,0
1373,fuzzy_c_means,Path Distance,0,198,[],0,0,0,0,0,0,0,0,0
1374,dbscan,Path Distance,0,198,[],0,0,0,0,0,0,0,0,0
1375,hierarchical,Path Distance,0,198,[],0,0,0,0,0,0,0,0,0
1376,spectral,Path Distance,0,198,[],0,0,0,0,0,0,0,0,0
1377,gmm,Path Distance,0,198,[],0,0,0,0,0,0,0,0,0
1378,som,Path Distance,0,198,[],0,0,0,0,0,0,0,0,0
1379,kmeans,Path Distance,0,199,[],0,0,0,0,0,0,0,0,0
1380,fuzzy_c_means,Path Distance,0,199,[],0,0,0,0,0,0,0,0,0
1381,dbscan,Path Distance,0,199,[],0,0,0,0,0,0,0,0,0
1382,hierarchical,Path Distance,0,199,[],0,0,0,0,0,0,0,0,0
1383,spectral,Path Distance,0,199,[],0,0,0,0,0,0,0,0,0
1384,gmm,Path Distance,0,199,[],0,0,0,0,0,0,0,0,0
1385,som,Path Distance,0,199,[],0,0,0,0,0,0,0,0,0
